date,equity,cash,gross,n_open
2019-12-31,1.0,1.0,0.0,0
2020-01-02,1.0,1.0,0.0,0
2020-01-03,1.0,1.0,0.0,0
2020-01-06,1.0,1.0,0.0,0
2020-01-07,1.0,1.0,0.0,0
2020-01-08,1.0,1.0,0.0,0
2020-01-09,1.0,1.0,0.0,0
2020-01-10,1.0,1.0,0.0,0
2020-01-13,1.0,1.0,0.0,0
2020-01-14,1.0,1.0,0.0,0
2020-01-15,1.0,1.0,0.0,0
2020-01-16,1.0,1.0,0.0,0
2020-01-17,1.0,1.0,0.0,0
2020-01-21,1.0,1.0,0.0,0
2020-01-22,1.0,1.0,0.0,0
2020-01-23,1.0,1.0,0.0,0
2020-01-24,1.0,0.94,0.06,2
2020-01-27,0.9999999999999999,0.9099999999999999,0.09,2
2020-01-28,0.9999999999999997,0.6999999999999997,0.29999999999999993,9
2020-01-29,0.9999999999999997,0.6999999999999997,0.29999999999999993,9
2020-01-30,0.9999999999999997,0.6999999999999997,0.29999999999999993,9
2020-01-31,0.9999999999999997,0.6999999999999997,0.29999999999999993,9
2020-02-03,0.9999999999999997,0.6999999999999997,0.29999999999999993,9
2020-02-04,0.9999999999999997,0.6999999999999997,0.29999999999999993,9
2020-02-05,0.9999999999999997,0.6999999999999997,0.29999999999999993,9
2020-02-06,0.9999999999999997,0.6999999999999997,0.29999999999999993,9
2020-02-07,1.007517540496961,0.7672920142820522,0.24022552621490878,8
2020-02-10,1.007517540496961,0.7370664880671434,0.2704510524298176,8
2020-02-11,1.0108526482644355,0.9504015958346179,0.06045105242981766,1
2020-02-12,1.0108526482644358,0.8897504369387519,0.1211022113256838,3
2020-02-13,1.0108526482644355,0.7077969602511534,0.30305568801328225,9
2020-02-14,1.0108526482644355,0.7077969602511534,0.30305568801328225,9
2020-02-18,1.0108526482644355,0.7077969602511534,0.30305568801328225,9
2020-02-19,1.0108526482644355,0.7077969602511534,0.30305568801328225,9
2020-02-20,1.0108526482644355,0.7077969602511534,0.30305568801328225,9
2020-02-21,1.0108526482644355,0.7077969602511534,0.30305568801328225,9
2020-02-24,1.0149800305662013,0.7114765931487648,0.30350343741743663,10
2020-02-25,1.0149800305662013,0.7114765931487648,0.30350343741743663,10
2020-02-26,1.0149800305662013,0.7114765931487648,0.30350343741743663,10
2020-02-27,1.0138270386037422,0.7709747600821717,0.24285227852157049,8
2020-02-28,1.0181022224126062,0.9572034205786342,0.06089880183397208,2
2020-03-02,1.0181022224126062,0.9572034205786342,0.06089880183397208,2
2020-03-03,1.0181022224126062,0.926660353906256,0.09144186850635026,3
2020-03-04,1.0181022224126064,0.8961172872338778,0.12198493517872845,3
2020-03-05,1.0181022224126064,0.8655742205614997,0.15252800185110665,4
2020-03-06,1.0181022224126064,0.8655742205614997,0.15252800185110665,4
2020-03-09,1.0135363619254036,0.921907161908269,0.09162920001713457,2
2020-03-10,1.0135363619254036,0.921907161908269,0.09162920001713457,2
2020-03-11,1.0135363619254036,0.921907161908269,0.09162920001713457,2
2020-03-12,1.0135363619254036,0.8306888893349826,0.1828474725904209,5
2020-03-13,1.0135363619254034,0.7394706167616962,0.2740657451637072,5
2020-03-16,1.0135363619254034,0.7394706167616962,0.2740657451637072,5
2020-03-17,1.0076885788220784,0.7644783096384652,0.2432102691836132,5
2020-03-18,1.0076885788220784,0.7342476522738028,0.27344092654827556,5
2020-03-19,1.0061676292208914,0.7330847404683674,0.27308288875252407,5
2020-03-20,1.0061676292208914,0.7330847404683674,0.27308288875252407,5
2020-03-23,1.0061676292208914,0.7330847404683674,0.27308288875252407,5
2020-03-24,1.0061676292208914,0.7330847404683674,0.27308288875252407,5
2020-03-25,1.0061676292208914,0.7330847404683674,0.27308288875252407,5
2020-03-26,0.997500225605589,0.9068538819996376,0.09064634360595145,2
2020-03-27,0.997500225605589,0.9068538819996376,0.09064634360595145,2
2020-03-30,0.997500225605589,0.9068538819996376,0.09064634360595145,2
2020-03-31,0.9814590565355787,0.951274027658952,0.030185028876626743,1
2020-04-01,0.9814590565355787,0.951274027658952,0.030185028876626743,1
2020-04-02,0.9762502760534494,0.9762502760534494,0.0,0
2020-04-03,0.9762502760534494,0.9762502760534494,0.0,0
2020-04-06,0.9762502760534494,0.9762502760534494,0.0,0
2020-04-07,0.9762502760534494,0.9762502760534494,0.0,0
2020-04-08,0.9762502760534494,0.9762502760534494,0.0,0
2020-04-09,0.9762502760534494,0.9762502760534494,0.0,0
2020-04-13,0.9762502760534494,0.9762502760534494,0.0,0
2020-04-14,0.9762502760534493,0.8883877512086389,0.08786252484481044,3
2020-04-15,0.9762502760534494,0.6833751932374146,0.2928750828160348,9
2020-04-16,0.9762502760534494,0.6833751932374146,0.2928750828160348,9
2020-04-17,0.9762502760534494,0.6833751932374146,0.2928750828160348,9
2020-04-20,0.9762502760534494,0.6833751932374146,0.2928750828160348,9
2020-04-21,0.9762502760534494,0.6833751932374146,0.2928750828160348,9
2020-04-22,0.9762502760534494,0.6833751932374146,0.2928750828160348,9
2020-04-23,0.9762502760534494,0.6833751932374146,0.2928750828160348,9
2020-04-24,0.9762502760534494,0.6833751932374146,0.2928750828160348,9
2020-04-27,0.9762502760534494,0.6833751932374146,0.2928750828160348,9
2020-04-28,0.9895704632514597,0.6950969579716637,0.29447350527979604,10
2020-04-29,1.0074433897767343,0.707355124026747,0.3000882657499873,9
2020-04-30,1.0074433897767343,0.707355124026747,0.3000882657499873,9
2020-05-01,1.0074433897767343,0.707355124026747,0.3000882657499873,9
2020-05-04,1.0074433897767343,0.707355124026747,0.3000882657499873,9
2020-05-05,1.0074433897767343,0.707355124026747,0.3000882657499873,9
2020-05-06,1.0074433897767343,0.707355124026747,0.3000882657499873,9
2020-05-07,1.0074433897767343,0.707355124026747,0.3000882657499873,9
2020-05-08,1.0074433897767343,0.707355124026747,0.3000882657499873,9
2020-05-11,1.0074433897767343,0.707355124026747,0.3000882657499873,9
2020-05-12,1.005907135226683,0.8246134127033724,0.18129372252331064,6
2020-05-13,0.9975620451592735,0.9374579697476948,0.060104075411578695,2
2020-05-14,0.9975620451592735,0.9075311083929166,0.0900309367663569,2
2020-05-15,0.9975620451592735,0.9075311083929166,0.0900309367663569,2
2020-05-18,0.9975620451592735,0.9075311083929166,0.0900309367663569,2
2020-05-19,0.9975620451592735,0.8776042470381384,0.1199577981211351,3
2020-05-20,0.9975620451592736,0.8177505243285821,0.17981152083069152,5
2020-05-21,0.9975620451592737,0.7279699402642476,0.26959210489502616,7
2020-05-22,0.9975620451592737,0.7279699402642476,0.26959210489502616,7
2020-05-26,0.9975620451592737,0.7279699402642476,0.26959210489502616,7
2020-05-27,0.9958679345924104,0.7564530437541848,0.23941489083822562,6
2020-05-28,1.004916138815968,0.7650600023583407,0.23985613645762732,7
2020-05-29,1.004916138815968,0.7650600023583407,0.23985613645762732,7
2020-06-01,1.004916138815968,0.7650600023583407,0.23985613645762732,7
2020-06-02,1.004916138815968,0.7650600023583407,0.23985613645762732,7
2020-06-03,1.0090520901212798,0.7991228150184306,0.20992927510284912,6
2020-06-04,1.0204292051743427,0.8696676379805979,0.15076156719374478,5
2020-06-05,1.0294052413661239,0.9076152396409517,0.12179000172517208,3
2020-06-08,1.0294052413661239,0.9076152396409517,0.12179000172517208,3
2020-06-09,1.0294052413661239,0.9076152396409517,0.12179000172517208,3
2020-06-10,1.0294052413661239,0.9076152396409517,0.12179000172517208,3
2020-06-11,1.0280671180157017,0.9357300710790167,0.09233704693668504,2
2020-06-12,1.0280671180157017,0.9048880575385457,0.1231790604771561,2
2020-06-15,1.0280671180157017,0.9048880575385457,0.1231790604771561,2
2020-06-16,1.028067118015702,0.8740460439980747,0.15402107401762716,3
2020-06-17,1.028067118015702,0.8740460439980747,0.15402107401762716,3
2020-06-18,1.0391259841453955,0.9465999435239822,0.09252604062141315,2
2020-06-19,1.0391259841453955,0.9465999435239822,0.09252604062141315,2
2020-06-22,1.0391259841453955,0.9465999435239822,0.09252604062141315,2
2020-06-23,1.0391259841453955,0.9465999435239822,0.09252604062141315,2
2020-06-24,1.0391259841453955,0.9465999435239822,0.09252604062141315,2
2020-06-25,1.0444144308557093,0.9509075514638956,0.0935068793918136,3
2020-06-26,1.0444144308557093,0.9509075514638956,0.0935068793918136,3
2020-06-29,1.0444144308557093,0.9509075514638956,0.0935068793918136,3
2020-06-30,1.0417421734965235,0.9478250424402852,0.09391713105623824,3
2020-07-01,1.0417421734965235,0.9165727772353895,0.12516939626113394,3
2020-07-02,1.0417421734965235,0.9165727772353895,0.12516939626113394,3
2020-07-06,1.0417421734965235,0.9165727772353895,0.12516939626113394,3
2020-07-07,1.0417421734965235,0.9165727772353895,0.12516939626113394,3
2020-07-08,1.0417421734965235,0.9165727772353895,0.12516939626113394,3
2020-07-09,1.0417421734965235,0.9165727772353895,0.12516939626113394,3
2020-07-10,1.040682270831159,0.9781777404213676,0.0625045304097914,1
2020-07-13,1.0406822708311592,0.9469572722964329,0.09372499853472617,2
2020-07-14,1.0406822708311592,0.8532958679216287,0.18738640290953051,5
2020-07-15,1.0542483697802143,0.7396017907200367,0.3146465790601777,7
2020-07-16,1.0542483697802143,0.7396017907200367,0.3146465790601777,7
2020-07-17,1.0542483697802143,0.7396017907200367,0.3146465790601777,7
2020-07-20,1.0542483697802143,0.7396017907200367,0.3146465790601777,7
2020-07-21,1.0542483697802143,0.7396017907200367,0.3146465790601777,7
2020-07-22,1.0542483697802143,0.7396017907200367,0.3146465790601777,7
2020-07-23,1.0542483697802143,0.7396017907200367,0.3146465790601777,7
2020-07-24,1.0542483697802143,0.7396017907200367,0.3146465790601777,7
2020-07-27,1.05573563734559,0.772309526410347,0.2834261109352429,6
2020-07-28,1.059848239464638,0.7423977558968449,0.31745048356779326,10
2020-07-29,1.0629369753141567,0.7447045172483087,0.3182324580658481,9
2020-07-30,1.0629369753141567,0.7447045172483087,0.3182324580658481,9
2020-07-31,1.0629369753141567,0.7447045172483087,0.3182324580658481,9
2020-08-03,1.0629369753141567,0.7447045172483087,0.3182324580658481,9
2020-08-04,1.0629369753141567,0.7447045172483087,0.3182324580658481,9
2020-08-05,1.0629369753141567,0.7447045172483087,0.3182324580658481,9
2020-08-06,1.0629369753141567,0.7447045172483087,0.3182324580658481,9
2020-08-07,1.0629369753141567,0.7447045172483087,0.3182324580658481,9
2020-08-10,1.0629369753141567,0.7447045172483087,0.3182324580658481,9
2020-08-11,1.0776403462004591,1.0138641276816096,0.0637762185188494,2
2020-08-12,1.0810670645301217,1.048635052594218,0.03243201193590365,1
2020-08-13,1.0810670645301217,1.048635052594218,0.03243201193590365,1
2020-08-14,1.0810670645301217,1.048635052594218,0.03243201193590365,1
2020-08-17,1.0810670645301217,1.048635052594218,0.03243201193590365,1
2020-08-18,1.0810670645301217,1.0162030406583145,0.0648640238718073,2
2020-08-19,1.081067064530122,0.9189070048506036,0.16216005967951824,5
2020-08-20,1.081067064530122,0.9189070048506036,0.16216005967951824,5
2020-08-21,1.081067064530122,0.8864749929147,0.1945920716154219,6
2020-08-24,1.081067064530122,0.8540429809787964,0.22702408355132556,6
2020-08-25,1.0810670645301221,0.7567469451710855,0.32432011935903654,9
2020-08-26,1.0782987475887766,0.7864106401656437,0.2918881074231329,8
2020-08-27,1.0782987475887766,0.7864106401656437,0.2918881074231329,8
2020-08-28,1.0782987475887766,0.7864106401656437,0.2918881074231329,8
2020-08-31,1.0782987475887766,0.7864106401656437,0.2918881074231329,8
2020-09-01,1.0807063582983312,0.821250262811102,0.25945609548722925,7
2020-09-02,1.0928678338740927,0.9307077741945744,0.1621600596795183,4
2020-09-03,1.0928678338740927,0.8979217391783516,0.1949460946957411,5
2020-09-04,1.1025457812544326,0.9393873369928659,0.16315844426156675,4
2020-09-08,1.1025457812544326,0.9393873369928659,0.16315844426156675,4
2020-09-09,1.1133412670532183,1.0474788585993626,0.06586240845385577,1
2020-09-10,1.1133412670532183,1.014078620587766,0.09926264646545233,2
2020-09-11,1.1133412670532183,1.014078620587766,0.09926264646545233,2
2020-09-14,1.1133412670532183,1.014078620587766,0.09926264646545233,2
2020-09-15,1.1133412670532186,0.947278144564573,0.16606312248864544,4
2020-09-16,1.1133412670532186,0.9138779065529765,0.199463360500242,4
2020-09-17,1.1133412670532186,0.9138779065529765,0.199463360500242,4
2020-09-18,1.1211427542859203,0.9875418022395341,0.13360095204638622,3
2020-09-21,1.1211427542859203,0.9875418022395341,0.13360095204638622,3
2020-09-22,1.1211427542859203,0.9539075196109565,0.16723523467496382,4
2020-09-23,1.1211427542859205,0.920273236982379,0.20086951730354144,4
2020-09-24,1.1236424640726566,0.8887546369363523,0.2348878271363043,5
2020-09-25,1.1236424640726566,0.8887546369363523,0.2348878271363043,5
2020-09-28,1.1236424640726566,0.8887546369363523,0.2348878271363043,5
2020-09-29,1.1285107892307253,0.9938236761292107,0.13468711310151463,3
2020-09-30,1.1285107892307253,0.9938236761292107,0.13468711310151463,3
2020-10-01,1.1285107892307253,0.959968352452289,0.1685424367784364,4
2020-10-02,1.1285107892307253,0.959968352452289,0.1685424367784364,4
2020-10-05,1.1285107892307253,0.959968352452289,0.1685424367784364,4
2020-10-06,1.1373248423414501,1.036050970820169,0.10127387152128116,3
2020-10-07,1.1373248423414501,1.036050970820169,0.10127387152128116,3
2020-10-08,1.1365442044721794,1.1026888807952577,0.03385532367692176,1
2020-10-09,1.1365442044721794,1.1026888807952577,0.03385532367692176,1
2020-10-12,1.1365442044721794,1.1026888807952577,0.03385532367692176,1
2020-10-13,1.1365442044721796,0.9663035762585963,0.1702406282135833,5
2020-10-14,1.1365442044721799,0.7958219455877695,0.34072225888441027,10
2020-10-15,1.138161973194728,0.7971501787913975,0.34101179440333035,9
2020-10-16,1.138161973194728,0.7971501787913975,0.34101179440333035,9
2020-10-19,1.138161973194728,0.7971501787913975,0.34101179440333035,9
2020-10-20,1.138161973194728,0.7971501787913975,0.34101179440333035,9
2020-10-21,1.138161973194728,0.7971501787913975,0.34101179440333035,9
2020-10-22,1.138161973194728,0.7971501787913975,0.34101179440333035,9
2020-10-23,1.138161973194728,0.7971501787913975,0.34101179440333035,9
2020-10-26,1.138161973194728,0.7971501787913975,0.34101179440333035,9
2020-10-27,1.140956943226545,0.7994156201726907,0.3415413230538542,9
2020-10-28,1.1399539876370772,0.8320460563043303,0.3079079313327469,9
2020-10-29,1.1399539876370772,0.8320460563043303,0.3079079313327469,9
2020-10-30,1.1399539876370772,0.8320460563043303,0.3079079313327469,9
2020-11-02,1.1399539876370772,0.8320460563043303,0.3079079313327469,9
2020-11-03,1.1399539876370772,0.8320460563043303,0.3079079313327469,9
2020-11-04,1.1399539876370772,0.8320460563043303,0.3079079313327469,9
2020-11-05,1.1399539876370772,0.8320460563043303,0.3079079313327469,9
2020-11-06,1.1399539876370772,0.8320460563043303,0.3079079313327469,9
2020-11-09,1.1399539876370772,0.8320460563043303,0.3079079313327469,9
2020-11-10,1.1427766202622913,0.9717835221167298,0.17099309814556157,5
2020-11-11,1.138954195304215,1.138954195304215,0.0,0
2020-11-12,1.138954195304215,1.070616943585962,0.0683372517182529,2
2020-11-13,1.1389541953042148,1.002279691867709,0.13667450343650578,2
2020-11-16,1.1389541953042148,1.002279691867709,0.13667450343650578,2
2020-11-17,1.1389541953042148,0.9681110660085825,0.17084312929563222,3
2020-11-18,1.1389541953042148,0.8656051884312033,0.27334900687301156,6
2020-11-19,1.1389541953042146,0.7972679367129503,0.34168625859126445,6
2020-11-20,1.1389541953042146,0.7972679367129503,0.34168625859126445,6
2020-11-23,1.1389541953042146,0.7972679367129503,0.34168625859126445,6
2020-11-24,1.1389541953042146,0.7972679367129503,0.34168625859126445,6
2020-11-25,1.1389541953042146,0.7972679367129503,0.34168625859126445,6
2020-11-27,1.1674743401295997,0.962462584974841,0.20501175515475867,4
2020-11-30,1.1674743401295997,0.962462584974841,0.20501175515475867,4
2020-12-01,1.1674743401295997,0.927438354770953,0.24003598535864668,5
2020-12-02,1.1676926760987136,0.9618253165991933,0.20586735949952023,4
2020-12-03,1.1687399914609933,1.1337157612571054,0.03502423020388799,1
2020-12-04,1.1687399914609933,1.1337157612571054,0.03502423020388799,1
2020-12-07,1.1687399914609933,1.1337157612571054,0.03502423020388799,1
2020-12-08,1.1687399914609933,1.1337157612571054,0.03502423020388799,1
2020-12-09,1.1687399914609933,1.1337157612571054,0.03502423020388799,1
2020-12-10,1.1687399914609933,0.993466962281786,0.17527302917920717,5
2020-12-11,1.168739991460993,0.9584047625379561,0.21033522892303697,5
2020-12-14,1.168739991460993,0.9584047625379561,0.21033522892303697,5
2020-12-15,1.165592107933849,0.9902811092146999,0.17531099871914899,4
2020-12-16,1.165592107933849,0.9902811092146999,0.17531099871914899,4
2020-12-17,1.165592107933849,0.9203455827386691,0.24524652519517992,6
2020-12-18,1.1655921079338492,0.8853778195006536,0.2802142884331954,7
2020-12-21,1.1655921079338492,0.8504100562626382,0.31518205167121083,7
2020-12-22,1.1655921079338492,0.8504100562626382,0.31518205167121083,7
2020-12-23,1.1655921079338492,0.8504100562626382,0.31518205167121083,7
2020-12-24,1.177578019780212,1.03770696682815,0.13987105295206187,3
2020-12-28,1.177578019780212,1.03770696682815,0.13987105295206187,3
2020-12-29,1.177578019780212,1.03770696682815,0.13987105295206187,3
2020-12-30,1.177578019780212,1.03770696682815,0.13987105295206187,3
2020-12-31,1.177578019780212,1.03770696682815,0.13987105295206187,3
2021-01-04,1.1739775062046016,1.1040419797285708,0.06993552647603093,1
2021-01-05,1.1757293309558867,1.1757293309558867,0.0,0
2021-01-06,1.1757293309558867,1.1757293309558867,0.0,0
2021-01-07,1.1757293309558867,1.1757293309558867,0.0,0
2021-01-08,1.1757293309558867,1.1757293309558867,0.0,0
2021-01-11,1.1757293309558867,1.1757293309558867,0.0,0
2021-01-12,1.1757293309558867,1.1757293309558867,0.0,0
2021-01-13,1.1757293309558867,1.1757293309558867,0.0,0
2021-01-14,1.1757293309558867,1.1757293309558867,0.0,0
2021-01-15,1.1757293309558867,1.1051855710985334,0.0705437598573532,2
2021-01-19,1.1757293309558865,0.9640980513838269,0.21163127957205957,5
2021-01-20,1.1757293309558863,0.8230105316691203,0.3527187992867659,8
2021-01-21,1.1757293309558863,0.8230105316691203,0.3527187992867659,8
2021-01-22,1.1757293309558863,0.8230105316691203,0.3527187992867659,8
2021-01-25,1.1757293309558863,0.8230105316691203,0.3527187992867659,8
2021-01-26,1.1757293309558863,0.8230105316691203,0.3527187992867659,8
2021-01-27,1.1757293309558863,0.8230105316691203,0.3527187992867659,8
2021-01-28,1.1757293309558863,0.8230105316691203,0.3527187992867659,8
2021-01-29,1.1757293309558863,0.8230105316691203,0.3527187992867659,8
2021-02-01,1.1745358529434429,0.8923966178544034,0.28213923508903943,7
2021-02-02,1.172152075294481,0.8552775486259757,0.3168745266685052,9
2021-02-03,1.1694017625258786,0.853096717016074,0.31630504550980454,7
2021-02-04,1.1694017625258786,0.853096717016074,0.31630504550980454,7
2021-02-05,1.1694017625258786,0.853096717016074,0.31630504550980454,7
2021-02-08,1.1694017625258786,0.853096717016074,0.31630504550980454,7
2021-02-09,1.1694017625258786,0.853096717016074,0.31630504550980454,7
2021-02-10,1.1694017625258786,0.853096717016074,0.31630504550980454,7
2021-02-11,1.1694017625258786,0.853096717016074,0.31630504550980454,7
2021-02-12,1.1694017625258786,0.853096717016074,0.31630504550980454,7
2021-02-16,1.1696265501596734,0.853468783733382,0.3161577664262914,7
2021-02-17,1.170547594458843,1.0652603172445112,0.10528727721433186,2
2021-02-18,1.1641087540338146,1.0589802670742448,0.10512848695956994,2
2021-02-19,1.1641087540338146,1.0240570044532302,0.1400517495805844,3
2021-02-22,1.1641087540338146,0.9891337418322158,0.17497501220159883,3
2021-02-23,1.1641087540338146,0.8494406913481581,0.31466806268565656,7
2021-02-24,1.1641087540338146,0.8494406913481581,0.31466806268565656,7
2021-02-25,1.1641087540338146,0.8494406913481581,0.31466806268565656,7
2021-02-26,1.1641087540338146,0.8494406913481581,0.31466806268565656,7
2021-03-01,1.1641087540338146,0.8494406913481581,0.31466806268565656,7
2021-03-02,1.1760643837194902,0.8963196138608044,0.2797447698586858,7
2021-03-03,1.1760643837194902,0.8963196138608044,0.2797447698586858,7
2021-03-04,1.175113308834406,0.8597850030666703,0.3153283057677357,8
2021-03-05,1.1855037316991497,0.9044568392224683,0.2810468924766813,7
2021-03-08,1.1855037316991497,0.9044568392224683,0.2810468924766813,7
2021-03-09,1.1905529417895677,1.0491990997969443,0.14135384199262355,3
2021-03-10,1.190552941789568,1.0134825115432573,0.17707043024631058,4
2021-03-11,1.190552941789568,1.0134825115432573,0.17707043024631058,4
2021-03-12,1.190552941789568,1.0134825115432573,0.17707043024631058,4
2021-03-15,1.190552941789568,1.0134825115432573,0.17707043024631058,4
2021-03-16,1.1886034344432086,1.0468149357084828,0.14178849873472588,3
2021-03-17,1.1886034344432086,1.0468149357084828,0.14178849873472588,3
2021-03-18,1.1820441092414407,1.039943551156024,0.14210055808541666,4
2021-03-19,1.1820441092414407,1.0044822278787808,0.1775618813626599,4
2021-03-22,1.1820441092414407,1.0044822278787808,0.1775618813626599,4
2021-03-23,1.1820441092414409,0.9690209046015377,0.21302320463990312,5
2021-03-24,1.1810554236254736,1.0037488072392575,0.1773066163862161,4
2021-03-25,1.1810554236254736,1.0037488072392575,0.1773066163862161,4
2021-03-26,1.1810554236254736,1.0037488072392575,0.1773066163862161,4
2021-03-29,1.1810554236254736,1.0037488072392575,0.1773066163862161,4
2021-03-30,1.1810554236254736,1.0037488072392575,0.1773066163862161,4
2021-03-31,1.1810554236254736,1.0037488072392575,0.1773066163862161,4
2021-04-01,1.1890314203847503,1.1535700971075071,0.03546132327724322,1
2021-04-05,1.1890314203847503,1.1535700971075071,0.03546132327724322,1
2021-04-06,1.1890314203847503,1.1535700971075071,0.03546132327724322,1
2021-04-07,1.1961713988027727,1.1961713988027727,0.0,0
2021-04-08,1.1961713988027727,1.1961713988027727,0.0,0
2021-04-09,1.1961713988027727,1.1961713988027727,0.0,0
2021-04-12,1.1961713988027727,1.1961713988027727,0.0,0
2021-04-13,1.1961713988027727,1.1961713988027727,0.0,0
2021-04-14,1.196171398802773,1.0885159729105234,0.10765542589224954,3
2021-04-15,1.1961713988027731,0.8373199791619411,0.35885141964083195,10
2021-04-16,1.1961713988027731,0.8373199791619411,0.35885141964083195,10
2021-04-19,1.1961713988027731,0.8373199791619411,0.35885141964083195,10
2021-04-20,1.1961713988027731,0.8373199791619411,0.35885141964083195,10
2021-04-21,1.1961713988027731,0.8373199791619411,0.35885141964083195,10
2021-04-22,1.1961713988027731,0.8373199791619411,0.35885141964083195,10
2021-04-23,1.1961713988027731,0.8373199791619411,0.35885141964083195,10
2021-04-26,1.1961713988027731,0.8373199791619411,0.35885141964083195,10
2021-04-27,1.1961713988027731,0.8373199791619411,0.35885141964083195,10
2021-04-28,1.2049405910645703,0.8452999441201766,0.3596406469443936,10
2021-04-29,1.2167324010626586,0.852773943643689,0.3639584574189697,9
2021-04-30,1.2167324010626586,0.852773943643689,0.3639584574189697,9
2021-05-03,1.2167324010626586,0.852773943643689,0.3639584574189697,9
2021-05-04,1.2167324010626586,0.852773943643689,0.3639584574189697,9
2021-05-05,1.2167324010626586,0.852773943643689,0.3639584574189697,9
2021-05-06,1.2167324010626586,0.852773943643689,0.3639584574189697,9
2021-05-07,1.2167324010626586,0.852773943643689,0.3639584574189697,9
2021-05-10,1.2167324010626586,0.852773943643689,0.3639584574189697,9
2021-05-11,1.2167324010626586,0.852773943643689,0.3639584574189697,9
2021-05-12,1.2115829686950481,0.9925711365037695,0.21901183219127857,6
2021-05-13,1.2102350767952337,1.1739280244913766,0.03630705230385701,1
2021-05-14,1.2102350767952337,1.1739280244913766,0.03630705230385701,1
2021-05-17,1.2102350767952337,1.1739280244913766,0.03630705230385701,1
2021-05-18,1.2102350767952335,1.1376209721875195,0.07261410460771402,2
2021-05-19,1.2102350767952332,1.0286998152759483,0.181535261519285,5
2021-05-20,1.2102350767952332,0.9560857106682343,0.254149366126999,5
2021-05-21,1.2102350767952332,0.9197786583643773,0.290456418430856,6
2021-05-24,1.2102350767952332,0.9197786583643773,0.290456418430856,6
2021-05-25,1.2102350767952332,0.8834716060605203,0.326763470734713,7
2021-05-26,1.2102350767952332,0.8471645537566633,0.36307052303857,8
2021-05-27,1.209220253977192,0.8824567832424788,0.326763470734713,7
2021-05-28,1.209220253977192,0.8824567832424788,0.326763470734713,7
2021-06-01,1.209220253977192,0.8824567832424788,0.326763470734713,7
2021-06-02,1.2075275830783845,0.9170711646475285,0.290456418430856,6
2021-06-03,1.211014717616228,1.0657631191761703,0.1452515984400578,4
2021-06-04,1.211014717616228,1.0294326776476834,0.18158203996854466,4
2021-06-07,1.2078040538392476,1.0625290661745599,0.14527498766468766,3
2021-06-08,1.2078040538392476,1.0625290661745599,0.14527498766468766,3
2021-06-09,1.2153672983684267,1.1063993630075961,0.10896793536083069,2
2021-06-10,1.2253647811279116,1.1527038980709379,0.07266088305697369,1
2021-06-11,1.2253647811279116,1.1527038980709379,0.07266088305697369,1
2021-06-14,1.2253647811279116,1.1527038980709379,0.07266088305697369,1
2021-06-15,1.2253647811279116,1.1159429546371005,0.10942182649081103,2
2021-06-16,1.2253647811279116,1.1159429546371005,0.10942182649081103,2
2021-06-17,1.233082215756528,1.1593288058499949,0.07375340990653319,2
2021-06-18,1.233082215756528,1.122336339377299,0.11074587637922903,2
2021-06-21,1.233082215756528,1.122336339377299,0.11074587637922903,2
2021-06-22,1.233082215756528,1.122336339377299,0.11074587637922903,2
2021-06-23,1.233082215756528,1.122336339377299,0.11074587637922903,2
2021-06-24,1.2330822157565278,1.0113589399592113,0.22172327579731652,5
2021-06-25,1.2330822157565278,0.9373740070138197,0.2957082087427082,5
2021-06-28,1.2330822157565278,0.9373740070138197,0.2957082087427082,5
2021-06-29,1.2325419272643638,0.9735946619554929,0.2589472653088708,4
2021-06-30,1.2325419272643638,0.9735946619554929,0.2589472653088708,4
2021-07-01,1.2471843592834886,1.0622220269200093,0.18496233236347914,3
2021-07-02,1.2471843592834886,1.0622220269200093,0.18496233236347914,3
2021-07-06,1.2471843592834886,1.0622220269200093,0.18496233236347914,3
2021-07-07,1.2471843592834886,1.0622220269200093,0.18496233236347914,3
2021-07-08,1.2471843592834886,1.0622220269200093,0.18496233236347914,3
2021-07-09,1.264459613175608,1.264459613175608,0.0,0
2021-07-12,1.264459613175608,1.264459613175608,0.0,0
2021-07-13,1.2644596131756083,1.1506582479898035,0.11380136518580472,3
2021-07-14,1.2644596131756085,0.9609893060134624,0.30347030716214596,7
2021-07-15,1.2644596131756083,0.8851217292229259,0.3793378839526824,9
2021-07-16,1.2644596131756083,0.8851217292229259,0.3793378839526824,9
2021-07-19,1.2644596131756083,0.8851217292229259,0.3793378839526824,9
2021-07-20,1.2644596131756083,0.8851217292229259,0.3793378839526824,9
2021-07-21,1.2644596131756083,0.8851217292229259,0.3793378839526824,9
2021-07-22,1.2644596131756083,0.8851217292229259,0.3793378839526824,9
2021-07-23,1.2644596131756083,0.8851217292229259,0.3793378839526824,9
2021-07-26,1.2644596131756083,0.8851217292229259,0.3793378839526824,9
2021-07-27,1.2702149773201323,0.8901864496701071,0.38002852765002526,10
2021-07-28,1.264931355520941,0.9227941594551039,0.34213719606583703,9
2021-07-29,1.2674402257618458,0.9251241929408345,0.3423160328210113,8
2021-07-30,1.2674402257618458,0.9251241929408345,0.3423160328210113,8
2021-08-02,1.2674402257618458,0.9251241929408345,0.3423160328210113,8
2021-08-03,1.2674402257618458,0.9251241929408345,0.3423160328210113,8
2021-08-04,1.2674402257618458,0.9251241929408345,0.3423160328210113,8
2021-08-05,1.2674402257618458,0.9251241929408345,0.3423160328210113,8
2021-08-06,1.2674402257618458,0.9251241929408345,0.3423160328210113,8
2021-08-09,1.2674402257618458,0.9251241929408345,0.3423160328210113,8
2021-08-10,1.2633728550570593,1.073482619514464,0.18989023554259543,4
2021-08-11,1.2677793172167495,1.229756110443894,0.038023206772855374,1
2021-08-12,1.2636753821143796,1.2257651206509481,0.037910261463431384,1
2021-08-13,1.2636753821143796,1.2257651206509481,0.037910261463431384,1
2021-08-16,1.2636753821143796,1.2257651206509481,0.037910261463431384,1
2021-08-17,1.2636753821143794,1.1878548591875167,0.07582052292686277,2
2021-08-18,1.2636753821143791,1.0362138133337908,0.22746156878058826,6
2021-08-19,1.2636753821143791,0.9224830289434968,0.3411923531708824,6
2021-08-20,1.2636753821143791,0.8845727674800654,0.3791026146343138,7
2021-08-23,1.2636753821143791,0.8845727674800654,0.3791026146343138,7
2021-08-24,1.2636753821143791,0.8845727674800654,0.3791026146343138,7
2021-08-25,1.2636753821143791,0.8845727674800654,0.3791026146343138,7
2021-08-26,1.2646564877738329,0.9234641346029505,0.34119235317088237,6
2021-08-27,1.2646564877738329,0.9234641346029505,0.34119235317088237,6
2021-08-30,1.2646564877738329,0.9234641346029505,0.34119235317088237,6
2021-08-31,1.2639069092041972,0.9606248174967463,0.30328209170745096,5
2021-09-01,1.2691047845782737,1.2311945231148422,0.03791026146343137,1
2021-09-02,1.2691047845782735,1.193121379577494,0.07598340500077957,2
2021-09-03,1.2717083026394616,1.1954839100229295,0.07622439261653205,1
2021-09-07,1.2717083026394616,1.1954839100229295,0.07622439261653205,1
2021-09-08,1.2717083026394616,1.1954839100229295,0.07622439261653205,1
2021-09-09,1.2717083026394616,1.1954839100229295,0.07622439261653205,1
2021-09-10,1.2717083026394616,1.1954839100229295,0.07622439261653205,1
2021-09-13,1.2717083026394618,1.1573326609437458,0.1143756416957159,2
2021-09-14,1.2717083026394618,1.1573326609437458,0.1143756416957159,2
2021-09-15,1.2717083026394618,1.1573326609437458,0.1143756416957159,2
2021-09-16,1.2717083026394618,1.1573326609437458,0.1143756416957159,2
2021-09-17,1.276829517153898,1.2386782680747142,0.038151249079183845,1
2021-09-20,1.276829517153898,1.2386782680747142,0.038151249079183845,1
2021-09-21,1.2768295171538981,1.1620684970454804,0.11476102010841772,3
2021-09-22,1.2768295171538981,1.1620684970454804,0.11476102010841772,3
2021-09-23,1.2768295171538984,1.0471538405016299,0.22967567665226857,6
2021-09-24,1.2768295171538986,1.008848954987013,0.2679805621668855,6
2021-09-27,1.2773557943726905,1.047526481284989,0.22982931308770166,5
2021-09-28,1.2773557943726905,1.047526481284989,0.22982931308770166,5
2021-09-29,1.2773557943726905,1.047526481284989,0.22982931308770166,5
2021-09-30,1.2773557943726905,1.047526481284989,0.22982931308770166,5
2021-10-01,1.2773557943726905,1.047526481284989,0.22982931308770166,5
2021-10-04,1.2773557943726905,1.047526481284989,0.22982931308770166,5
2021-10-05,1.2678462608192185,1.076591330936174,0.19125492988304432,4
2021-10-06,1.2678462608192185,1.0385559431115976,0.22929031770762087,4
2021-10-07,1.2595218033350832,1.18345102768593,0.0760707756491531,1
2021-10-08,1.2595218033350832,1.18345102768593,0.0760707756491531,1
2021-10-11,1.2595218033350832,1.18345102768593,0.0760707756491531,1
2021-10-12,1.2595218033350832,1.18345102768593,0.0760707756491531,1
2021-10-13,1.259521803335083,1.107879719485825,0.1516420838492581,3
2021-10-14,1.2595218033350828,0.9189514489855624,0.3405703543495205,6
2021-10-15,1.2595218033350828,0.9189514489855624,0.3405703543495205,6
2021-10-18,1.2595218033350828,0.9189514489855624,0.3405703543495205,6
2021-10-19,1.2573395077376386,0.9173995585730129,0.3399399491646258,7
2021-10-20,1.2573395077376386,0.9173995585730129,0.3399399491646258,7
2021-10-21,1.2573395077376386,0.9173995585730129,0.3399399491646258,7
2021-10-22,1.2573395077376386,0.9173995585730129,0.3399399491646258,7
2021-10-25,1.2573395077376386,0.9173995585730129,0.3399399491646258,7
2021-10-26,1.2573395077376386,0.9173995585730129,0.3399399491646258,7
2021-10-27,1.2618800687465672,0.8838007256701663,0.3780793430764009,10
2021-10-28,1.2671679605449782,0.8884004633196867,0.3787674972252915,7
2021-10-29,1.2671679605449782,0.8884004633196867,0.3787674972252915,7
2021-11-01,1.2671679605449782,0.8884004633196867,0.3787674972252915,7
2021-11-02,1.2736145360935902,0.8938705371669418,0.37974399892664856,7
2021-11-03,1.2736145360935902,0.8938705371669418,0.37974399892664856,7
2021-11-04,1.2736145360935902,0.8938705371669418,0.37974399892664856,7
2021-11-05,1.2736145360935902,0.8938705371669418,0.37974399892664856,7
2021-11-08,1.2736145360935902,0.8938705371669418,0.37974399892664856,7
2021-11-09,1.2736145360935902,0.8938705371669418,0.37974399892664856,7
2021-11-10,1.3024408618475878,1.1869507638265449,0.11549009802104304,3
2021-11-11,1.3024408618475878,1.1869507638265449,0.11549009802104304,3
2021-11-12,1.3024408618475878,1.1869507638265449,0.11549009802104304,3
2021-11-15,1.3024408618475878,1.1869507638265449,0.11549009802104304,3
2021-11-16,1.3114110923211109,1.2329955336960499,0.07841555862506096,2
2021-11-17,1.3114110923211104,1.0756262026175163,0.23578488970359424,6
2021-11-18,1.3114110923211104,0.9969415370782496,0.3144695552428608,7
2021-11-19,1.3114110923211104,0.9575992043086163,0.35381188801249414,7
2021-11-22,1.3114110923211104,0.9575992043086163,0.35381188801249414,7
2021-11-23,1.3114110923211104,0.918256871538983,0.3931542207821275,8
2021-11-24,1.3052318125707094,0.9511508176440094,0.35408099492669987,7
2021-11-26,1.3052318125707094,0.9511508176440094,0.35408099492669987,7
2021-11-29,1.3052318125707094,0.9511508176440094,0.35408099492669987,7
2021-11-30,1.3052318125707094,0.9511508176440094,0.35408099492669987,7
2021-12-01,1.3090531184061636,0.9943144562490972,0.3147386621570665,6
2021-12-02,1.3102578175301764,1.1922308192212765,0.11802699830889993,2
2021-12-03,1.3090492493873689,1.2697069166177355,0.03934233276963331,1
2021-12-06,1.3090492493873689,1.2697069166177355,0.03934233276963331,1
2021-12-07,1.3090492493873689,1.2697069166177355,0.03934233276963331,1
2021-12-08,1.305966337986046,1.305966337986046,0.0,0
2021-12-09,1.305966337986046,1.1884293675673019,0.11753697041874414,3
2021-12-10,1.305966337986046,1.0708923971485578,0.23507394083748828,3
2021-12-13,1.305966337986046,1.0708923971485578,0.23507394083748828,3
2021-12-14,1.305966337986046,1.0708923971485578,0.23507394083748828,3
2021-12-15,1.305966337986046,1.0708923971485578,0.23507394083748828,3
2021-12-16,1.305966337986046,0.9533554267298137,0.3526109112562324,6
2021-12-17,1.305966337986046,0.9141764365902323,0.39178990139581377,6
2021-12-20,1.305966337986046,0.9141764365902323,0.39178990139581377,6
2021-12-21,1.305966337986046,0.9141764365902323,0.39178990139581377,6
2021-12-22,1.305966337986046,0.9141764365902323,0.39178990139581377,6
2021-12-23,1.3136997003319906,1.156983739773665,0.1567159605583255,3
2021-12-27,1.3136997003319906,1.156983739773665,0.1567159605583255,3
2021-12-28,1.3136997003319906,1.156983739773665,0.1567159605583255,3
2021-12-29,1.3136997003319906,1.156983739773665,0.1567159605583255,3
2021-12-30,1.3136997003319906,1.156983739773665,0.1567159605583255,3
2021-12-31,1.3229022955712264,1.3229022955712264,0.0,0
2022-01-03,1.3229022955712264,1.3229022955712264,0.0,0
2022-01-04,1.3229022955712264,1.3229022955712264,0.0,0
2022-01-05,1.3229022955712264,1.3229022955712264,0.0,0
2022-01-06,1.3229022955712264,1.3229022955712264,0.0,0
2022-01-07,1.3229022955712264,1.3229022955712264,0.0,0
2022-01-10,1.3229022955712264,1.3229022955712264,0.0,0
2022-01-11,1.3229022955712264,1.3229022955712264,0.0,0
2022-01-12,1.3229022955712264,1.3229022955712264,0.0,0
2022-01-13,1.3229022955712264,1.3229022955712264,0.0,0
2022-01-14,1.3229022955712266,1.243528157836953,0.07937413773427358,2
2022-01-18,1.3229022955712266,1.1641540201026794,0.15874827546854717,4
2022-01-19,1.3229022955712266,0.9260316068998586,0.396870688671368,10
2022-01-20,1.3229022955712266,0.9260316068998586,0.396870688671368,10
2022-01-21,1.3229022955712266,0.9260316068998586,0.396870688671368,10
2022-01-24,1.3229022955712266,0.9260316068998586,0.396870688671368,10
2022-01-25,1.3229022955712266,0.9260316068998586,0.396870688671368,10
2022-01-26,1.3229022955712266,0.9260316068998586,0.396870688671368,10
2022-01-27,1.3229022955712266,0.9260316068998586,0.396870688671368,10
2022-01-28,1.3229022955712266,0.9260316068998586,0.396870688671368,10
2022-01-31,1.3306854818587013,1.013188930921607,0.3174965509370944,8
2022-02-01,1.3320745139212293,0.934103159047861,0.3979713548733683,10
2022-02-02,1.32843550692733,0.9693212392176829,0.359114267709647,7
2022-02-03,1.32843550692733,0.9693212392176829,0.359114267709647,7
2022-02-04,1.32843550692733,0.9693212392176829,0.359114267709647,7
2022-02-07,1.32843550692733,0.9693212392176829,0.359114267709647,7
2022-02-08,1.32843550692733,0.9693212392176829,0.359114267709647,7
2022-02-09,1.32843550692733,0.9693212392176829,0.359114267709647,7
2022-02-10,1.32843550692733,0.9693212392176829,0.359114267709647,7
2022-02-11,1.32843550692733,0.9693212392176829,0.359114267709647,7
2022-02-14,1.32843550692733,0.9693212392176829,0.359114267709647,7
2022-02-15,1.303824966414844,1.1842657707913844,0.11955919562345968,3
2022-02-16,1.2999980637451696,1.1439982960957493,0.15599976764942033,4
2022-02-17,1.29999806374517,0.9879985284463292,0.3119995352988407,5
2022-02-18,1.29999806374517,0.9489985865339741,0.35099947721119584,6
2022-02-22,1.29999806374517,0.909998644621619,0.38999941912355096,7
2022-02-23,1.29999806374517,0.909998644621619,0.38999941912355096,7
2022-02-24,1.29999806374517,0.909998644621619,0.38999941912355096,7
2022-02-25,1.29999806374517,0.909998644621619,0.38999941912355096,7
2022-02-28,1.29999806374517,0.909998644621619,0.38999941912355096,7
2022-03-01,1.29999806374517,0.909998644621619,0.38999941912355096,7
2022-03-02,1.29999806374517,0.909998644621619,0.38999941912355096,7
2022-03-03,1.298039911183762,1.1031576907756708,0.194882220408091,5
2022-03-04,1.2957614602933636,1.1010063379888269,0.19475512230453682,4
2022-03-07,1.2955627174474376,1.1398075370552558,0.15575518039218172,3
2022-03-08,1.2893609746125319,1.1726057361327054,0.1167552384798266,2
2022-03-09,1.2893609746125319,1.1726057361327054,0.1167552384798266,2
2022-03-10,1.2893609746125319,1.1339249068943293,0.15543606771820256,3
2022-03-11,1.2893609746125319,1.0952440776559533,0.19411689695657852,3
2022-03-14,1.2893609746125319,1.0952440776559533,0.19411689695657852,3
2022-03-15,1.2893609746125319,1.0952440776559533,0.19411689695657852,3
2022-03-16,1.2893609746125319,1.0952440776559533,0.19411689695657852,3
2022-03-17,1.2938414827394098,1.1388493352982934,0.1549921474411165,3
2022-03-18,1.2938414827394098,1.100034090816111,0.1938073919232988,3
2022-03-21,1.2938414827394098,1.0612188463339287,0.2326226364054811,4
2022-03-22,1.2938414827394098,0.9835883573695641,0.31025312536984573,5
2022-03-23,1.2938414827394098,0.9835883573695641,0.31025312536984573,5
2022-03-24,1.300128896646607,1.0672374297535132,0.23289146689309376,4
2022-03-25,1.300128896646607,1.0672374297535132,0.23289146689309376,4
2022-03-28,1.300128896646607,1.0672374297535132,0.23289146689309376,4
2022-03-29,1.300128896646607,1.0672374297535132,0.23289146689309376,4
2022-03-30,1.300128896646607,1.0672374297535132,0.23289146689309376,4
2022-03-31,1.3026485397915262,1.1862028063449792,0.11644573344654688,2
2022-04-01,1.3026485397915262,1.1862028063449792,0.11644573344654688,2
2022-04-04,1.301199567308463,1.2623843228262808,0.03881524448218229,1
2022-04-05,1.2959467471929316,1.2959467471929316,0.0,0
2022-04-06,1.2959467471929316,1.2959467471929316,0.0,0
2022-04-07,1.2959467471929316,1.2959467471929316,0.0,0
2022-04-08,1.2959467471929316,1.2959467471929316,0.0,0
2022-04-11,1.2959467471929316,1.2959467471929316,0.0,0
2022-04-12,1.2959467471929316,1.2959467471929316,0.0,0
2022-04-13,1.2959467471929316,1.2181899423613556,0.07775680483157589,2
2022-04-14,1.2959467471929311,0.9849195278666276,0.31102721932630356,8
2022-04-18,1.2959467471929313,0.9071627230350519,0.3887840241578794,8
2022-04-19,1.2959467471929313,0.9071627230350519,0.3887840241578794,8
2022-04-20,1.2959467471929313,0.9071627230350519,0.3887840241578794,8
2022-04-21,1.2959467471929313,0.9071627230350519,0.3887840241578794,8
2022-04-22,1.2959467471929313,0.9071627230350519,0.3887840241578794,8
2022-04-25,1.2959467471929313,0.9071627230350519,0.3887840241578794,8
2022-04-26,1.2959467471929313,0.9071627230350519,0.3887840241578794,8
2022-04-27,1.2959467471929313,0.9071627230350519,0.3887840241578794,8
2022-04-28,1.2862365844052612,0.9366222675467998,0.34961431685846134,7
2022-04-29,1.2560919706721858,0.9914083184190345,0.2646836522531513,7
2022-05-02,1.2560919706721858,0.9160428001787033,0.34004917049348243,7
2022-05-03,1.2560919706721858,0.9160428001787033,0.34004917049348243,7
2022-05-04,1.2560919706721858,0.9160428001787033,0.34004917049348243,7
2022-05-05,1.2560919706721858,0.9160428001787033,0.34004917049348243,7
2022-05-06,1.2560919706721858,0.9160428001787033,0.34004917049348243,7
2022-05-09,1.2560919706721858,0.9160428001787033,0.34004917049348243,7
2022-05-10,1.2560919706721858,0.9160428001787033,0.34004917049348243,7
2022-05-11,1.2560919706721858,0.9160428001787033,0.34004917049348243,7
2022-05-12,1.2530411824243972,0.9515791094630726,0.3014620729613246,6
2022-05-13,1.2332691902423696,1.2332691902423696,0.0,0
2022-05-16,1.2332691902423696,1.2332691902423696,0.0,0
2022-05-17,1.2332691902423696,1.1962711145350986,0.03699807570727109,1
2022-05-18,1.2332691902423698,1.0852768874132854,0.14799230282908438,4
2022-05-19,1.2332691902423698,1.0482788117060142,0.18499037853635547,4
2022-05-20,1.2332691902423696,1.011280735998743,0.22198845424362657,5
2022-05-23,1.2332691902423696,0.9742826602914719,0.25898652995089766,5
2022-05-24,1.2332691902423696,0.9372845845842008,0.29598460565816875,6
2022-05-25,1.2332691902423696,0.8632884331696586,0.36998075707271094,7
2022-05-26,1.2332691902423696,0.8632884331696586,0.36998075707271094,7
2022-05-27,1.2332691902423696,0.8632884331696586,0.36998075707271094,7
2022-05-31,1.2332691902423696,0.8632884331696586,0.36998075707271094,7
2022-06-01,1.2323166616051942,0.8993339802397543,0.33298268136543985,6
2022-06-02,1.2073929149395233,1.0224025364031677,0.18499037853635547,3
2022-06-03,1.2073929149395233,1.0224025364031677,0.18499037853635547,3
2022-06-06,1.1919326169890947,1.0809383898672815,0.11099422712181325,2
2022-06-07,1.1919326169890947,1.0809383898672815,0.11099422712181325,2
2022-06-08,1.1989372657150354,1.1619391900077645,0.03699807570727109,1
2022-06-09,1.19524909066386,1.19524909066386,0.0,0
2022-06-10,1.19524909066386,1.19524909066386,0.0,0
2022-06-13,1.19524909066386,1.1593916179439443,0.035857472719915795,1
2022-06-14,1.1952490906638602,1.1235341452240286,0.07171494543983159,1
2022-06-15,1.1952490906638602,1.1235341452240286,0.07171494543983159,1
2022-06-16,1.19524909066386,1.0876766725041127,0.10757241815974738,2
2022-06-17,1.19524909066386,1.0876766725041127,0.10757241815974738,2
2022-06-21,1.19524909066386,1.0876766725041127,0.10757241815974738,2
2022-06-22,1.19524909066386,1.0876766725041127,0.10757241815974738,2
2022-06-23,1.19524909066386,1.0159617270642811,0.17928736359957897,4
2022-06-24,1.19524909066386,0.9442467816244495,0.25100230903941056,4
2022-06-27,1.19524909066386,0.9083893089045337,0.28685978175932636,5
2022-06-28,1.1901224162777067,0.9749775799582119,0.21514483631949477,4
2022-06-29,1.1901224162777067,0.9749775799582119,0.21514483631949477,4
2022-06-30,1.1901224162777067,0.9749775799582119,0.21514483631949477,4
2022-07-01,1.184854310090941,1.005566946491362,0.17928736359957897,3
2022-07-05,1.184854310090941,1.005566946491362,0.17928736359957897,3
2022-07-06,1.184854310090941,1.005566946491362,0.17928736359957897,3
2022-07-07,1.184854310090941,1.005566946491362,0.17928736359957897,3
2022-07-08,1.1885525432981443,1.1526950705782284,0.035857472719915795,1
2022-07-11,1.1885525432981443,1.1526950705782284,0.035857472719915795,1
2022-07-12,1.1848959047240948,1.149349027582372,0.03554687714172284,1
2022-07-13,1.1848959047240948,1.149349027582372,0.03554687714172284,1
2022-07-14,1.1848959047240946,1.0782552732989261,0.10664063142516853,3
2022-07-15,1.1848959047240943,0.8294271333068661,0.3554687714172283,8
2022-07-18,1.1848959047240943,0.8294271333068661,0.3554687714172283,8
2022-07-19,1.1848959047240943,0.8294271333068661,0.3554687714172283,8
2022-07-20,1.1848959047240943,0.8294271333068661,0.3554687714172283,8
2022-07-21,1.1848959047240943,0.8294271333068661,0.3554687714172283,8
2022-07-22,1.1848959047240943,0.8294271333068661,0.3554687714172283,8
2022-07-25,1.1848959047240943,0.8294271333068661,0.3554687714172283,8
2022-07-26,1.1861155398918104,0.8306101794195507,0.3555053604722598,8
2022-07-27,1.1861155398918104,0.8306101794195507,0.3555053604722598,8
2022-07-28,1.1838692413364624,0.8640031577108123,0.31986608362565006,9
2022-07-29,1.1942779446358642,0.8371762166843727,0.35710172795149153,9
2022-08-01,1.1942779446358642,0.8371762166843727,0.35710172795149153,9
2022-08-02,1.1942779446358642,0.8371762166843727,0.35710172795149153,9
2022-08-03,1.1942779446358642,0.8371762166843727,0.35710172795149153,9
2022-08-04,1.1942779446358642,0.8371762166843727,0.35710172795149153,9
2022-08-05,1.1942779446358642,0.8371762166843727,0.35710172795149153,9
2022-08-08,1.1942779446358642,0.8371762166843727,0.35710172795149153,9
2022-08-09,1.194430590574327,0.8370794111023601,0.357351179471967,9
2022-08-10,1.194430590574327,0.8370794111023601,0.357351179471967,9
2022-08-11,1.2147870520324393,0.9998124426198299,0.21497460941260943,6
2022-08-12,1.2192109238001216,1.1833780060828918,0.03583291771722981,1
2022-08-15,1.2192109238001216,1.1833780060828918,0.03583291771722981,1
2022-08-16,1.2192109238001216,1.1468016783688881,0.07240924543123345,2
2022-08-17,1.2192109238001216,1.0370726952268772,0.1821382285732444,5
2022-08-18,1.2192109238001216,1.0004963675128735,0.21871455628724806,5
2022-08-19,1.2192109238001216,0.9639200397988699,0.2552908840012517,6
2022-08-22,1.2192109238001216,0.9639200397988699,0.2552908840012517,6
2022-08-23,1.2205104536487987,0.9278218601458489,0.2926885935029498,7
2022-08-24,1.2205104536487987,0.854591232926921,0.36591922072187777,8
2022-08-25,1.2205104536487987,0.854591232926921,0.36591922072187777,8
2022-08-26,1.2205104536487987,0.854591232926921,0.36591922072187777,8
2022-08-29,1.2205104536487987,0.854591232926921,0.36591922072187777,8
2022-08-30,1.2230890487491357,0.8937461557412617,0.3293428930078741,7
2022-08-31,1.2372057087655317,1.0541681266136722,0.1830375821518595,4
2022-09-01,1.2372057087655317,1.0170519553507062,0.22015375341482546,5
2022-09-02,1.2393252141866442,1.018568032060223,0.22075718212642112,4
2022-09-06,1.2393252141866442,1.018568032060223,0.22075718212642112,4
2022-09-07,1.233046869119254,1.1221356278212247,0.11091124129802923,2
2022-09-08,1.2302034416250676,1.1559075139365023,0.07429592768856527,1
2022-09-09,1.2302034416250676,1.1559075139365023,0.07429592768856527,1
2022-09-12,1.2302034416250676,1.1190014106877502,0.1112020309373173,2
2022-09-13,1.2302034416250676,1.1190014106877502,0.1112020309373173,2
2022-09-14,1.2302034416250676,1.1190014106877502,0.1112020309373173,2
2022-09-15,1.2302034416250673,1.082095307438998,0.14810813418606933,3
2022-09-16,1.2254269914043099,1.151614784906806,0.07381220649750406,2
2022-09-19,1.2254269914043099,1.151614784906806,0.07381220649750406,2
2022-09-20,1.2254269914043099,1.151614784906806,0.07381220649750406,2
2022-09-21,1.2254269914043099,1.151614784906806,0.07381220649750406,2
2022-09-22,1.2254269914043099,1.041326355680418,0.18410063572389196,5
2022-09-23,1.2254269914043099,1.041326355680418,0.18410063572389196,5
2022-09-26,1.2245048184792915,1.0773102860041517,0.14719453247513992,4
2022-09-27,1.2245048184792915,1.0773102860041517,0.14719453247513992,4
2022-09-28,1.2245048184792915,1.0773102860041517,0.14719453247513992,4
2022-09-29,1.2161171797050072,1.069345235087469,0.14677194461753812,4
2022-09-30,1.2161171797050072,1.069345235087469,0.14677194461753812,4
2022-10-03,1.2161171797050072,1.069345235087469,0.14677194461753812,4
2022-10-04,1.2161171797050072,1.069345235087469,0.14677194461753812,4
2022-10-05,1.2161171797050072,1.069345235087469,0.14677194461753812,4
2022-10-06,1.1984018393329026,1.1619183239417523,0.03648351539115022,1
2022-10-07,1.1984018393329026,1.1619183239417523,0.03648351539115022,1
2022-10-10,1.1984018393329026,1.1619183239417523,0.03648351539115022,1
2022-10-11,1.1984018393329026,1.1619183239417523,0.03648351539115022,1
2022-10-12,1.1984018393329026,1.1259662687617653,0.0724355705711373,2
2022-10-13,1.1860371317213407,1.0789228486380733,0.10711428308326752,2
2022-10-14,1.1860371317213407,0.865436164928232,0.3206009667931088,8
2022-10-17,1.1860371317213407,0.865436164928232,0.3206009667931088,8
2022-10-18,1.1860371317213407,0.865436164928232,0.3206009667931088,8
2022-10-19,1.1860371317213407,0.865436164928232,0.3206009667931088,8
2022-10-20,1.1860371317213407,0.865436164928232,0.3206009667931088,8
2022-10-21,1.1860371317213407,0.865436164928232,0.3206009667931088,8
2022-10-24,1.1860371317213407,0.865436164928232,0.3206009667931088,8
2022-10-25,1.1860371317213407,0.865436164928232,0.3206009667931088,8
2022-10-26,1.1905172734034215,0.8343029211356322,0.3562143522677894,10
2022-10-27,1.1943796988300934,0.8379150695490414,0.35646462928105205,9
2022-10-28,1.212420331142316,0.8875793358997579,0.3248409952425582,8
2022-10-31,1.212420331142316,0.8512067259654884,0.3612136051768277,9
2022-11-01,1.212420331142316,0.8512067259654884,0.3612136051768277,9
2022-11-02,1.212420331142316,0.8512067259654884,0.3612136051768277,9
2022-11-03,1.212420331142316,0.8512067259654884,0.3612136051768277,9
2022-11-04,1.212420331142316,0.8512067259654884,0.3612136051768277,9
2022-11-07,1.212420331142316,0.8512067259654884,0.3612136051768277,9
2022-11-08,1.212420331142316,0.8512067259654884,0.3612136051768277,9
2022-11-09,1.2299104252144604,1.0116747656088434,0.21823565960561692,6
2022-11-10,1.2299104252144604,1.0116747656088434,0.21823565960561692,6
2022-11-11,1.250602032766613,1.2142294228323436,0.03637260993426948,1
2022-11-14,1.2585597422714174,1.2585597422714174,0.0,0
2022-11-15,1.2585597422714174,1.2208029500032749,0.03775679226814252,1
2022-11-16,1.2585597422714172,1.0697757809307047,0.1887839613407126,5
2022-11-17,1.2585597422714172,0.9942621963944196,0.2642975458769976,5
2022-11-18,1.2585597422714172,0.9942621963944196,0.2642975458769976,5
2022-11-21,1.2585597422714172,0.9942621963944196,0.2642975458769976,5
2022-11-22,1.2585597422714172,0.956505404126277,0.3020543381451401,6
2022-11-23,1.2585597422714172,0.880991819589992,0.37756792268142514,7
2022-11-25,1.2585597422714172,0.880991819589992,0.37756792268142514,7
2022-11-28,1.2585597422714172,0.880991819589992,0.37756792268142514,7
2022-11-29,1.2585597422714172,0.880991819589992,0.37756792268142514,7
2022-11-30,1.2605742524589911,0.8829458944719388,0.3776283579870524,7
2022-12-01,1.2762446499870412,1.125157045608844,0.15108760437819727,3
2022-12-02,1.2762446499870412,1.125157045608844,0.15108760437819727,3
2022-12-05,1.2762446499870412,1.125157045608844,0.15108760437819727,3
2022-12-06,1.2762446499870412,1.125157045608844,0.15108760437819727,3
2022-12-07,1.2690521822434069,1.1934781624014947,0.07557401984191225,2
2022-12-08,1.272127265500128,1.1579824019963505,0.11414486350377742,3
2022-12-09,1.272127265500128,1.1198185840313466,0.15230868146878127,3
2022-12-12,1.272127265500128,1.0816547660663427,0.1904724994337851,4
2022-12-13,1.272127265500128,1.0816547660663427,0.1904724994337851,4
2022-12-14,1.2643952298128118,1.1117399579527965,0.15265527186001537,3
2022-12-15,1.2643952298128118,1.0738081010584122,0.19058712875439973,4
2022-12-16,1.2643952298128118,0.9979443872696435,0.2664508425431684,5
2022-12-19,1.2643952298128118,0.9979443872696435,0.2664508425431684,5
2022-12-20,1.2643952298128118,0.9220806734808747,0.3423145563319371,7
2022-12-21,1.2643952298128118,0.9220806734808747,0.3423145563319371,7
2022-12-22,1.2640560131011997,1.036232910664274,0.2278231024369256,5
2022-12-23,1.2640560131011997,1.036232910664274,0.2278231024369256,5
2022-12-27,1.2627218490952328,1.073062564623311,0.18965928447192176,4
2022-12-28,1.2627218490952328,1.073062564623311,0.18965928447192176,4
2022-12-29,1.2627218490952328,1.073062564623311,0.18965928447192176,4
2022-12-30,1.26237113241627,1.148575561733117,0.11379557068315307,3
2023-01-03,1.2582914851748928,1.182427771386124,0.0758637137887687,2
2023-01-04,1.2582914851748928,1.182427771386124,0.0758637137887687,2
2023-01-05,1.2680541032249648,1.2680541032249648,0.0,0
2023-01-06,1.2680541032249648,1.2680541032249648,0.0,0
2023-01-09,1.2680541032249648,1.2680541032249648,0.0,0
2023-01-10,1.2680541032249648,1.2680541032249648,0.0,0
2023-01-11,1.2680541032249648,1.2680541032249648,0.0,0
2023-01-12,1.2680541032249648,1.2680541032249648,0.0,0
2023-01-13,1.2680541032249653,1.1158876108379694,0.1521664923869958,4
2023-01-17,1.2680541032249655,1.0017627415477228,0.2662913616772427,6
2023-01-18,1.2680541032249655,0.9637211184509739,0.3043329847739917,7
2023-01-19,1.2680541032249655,0.8876378722574759,0.3804162309674896,9
2023-01-20,1.2680541032249655,0.8876378722574759,0.3804162309674896,9
2023-01-23,1.2680541032249655,0.8876378722574759,0.3804162309674896,9
2023-01-24,1.2680541032249655,0.8876378722574759,0.3804162309674896,9
2023-01-25,1.2680541032249655,0.8876378722574759,0.3804162309674896,9
2023-01-26,1.2680541032249655,0.8876378722574759,0.3804162309674896,9
2023-01-27,1.2680541032249655,0.8876378722574759,0.3804162309674896,9
2023-01-30,1.281560634531547,1.0913525190478022,0.1902081154837448,5
2023-01-31,1.289785646583911,0.9048057915110429,0.38497985507286825,10
2023-02-01,1.2931332297914184,0.9074010009215566,0.3857322288698618,9
2023-02-02,1.300090190785029,0.9124357966615634,0.38765439412346564,9
2023-02-03,1.300090190785029,0.9124357966615634,0.38765439412346564,9
2023-02-06,1.300090190785029,0.9124357966615634,0.38765439412346564,9
2023-02-07,1.300090190785029,0.9124357966615634,0.38765439412346564,9
2023-02-08,1.300090190785029,0.9124357966615634,0.38765439412346564,9
2023-02-09,1.300090190785029,0.9124357966615634,0.38765439412346564,9
2023-02-10,1.300090190785029,0.9124357966615634,0.38765439412346564,9
2023-02-13,1.300090190785029,0.9124357966615634,0.38765439412346564,9
2023-02-14,1.3214317109889238,1.2037833482121543,0.11764836277676946,3
2023-02-15,1.321431710988924,1.0848544942231513,0.23657721676577262,6
2023-02-16,1.3287570809449878,1.0904598507696177,0.23829723017537013,5
2023-02-17,1.3287570809449878,1.0107344259129183,0.31802265503206945,6
2023-02-21,1.3287570809449878,0.9310090010562191,0.39774807988876876,8
2023-02-22,1.3287570809449878,0.9310090010562191,0.39774807988876876,8
2023-02-23,1.3287570809449878,0.9310090010562191,0.39774807988876876,8
2023-02-24,1.3287570809449878,0.9310090010562191,0.39774807988876876,8
2023-02-27,1.3287570809449878,0.9310090010562191,0.39774807988876876,8
2023-02-28,1.3287570809449878,0.9310090010562191,0.39774807988876876,8
2023-03-01,1.328070651405091,0.9301234033038372,0.39794724810125376,8
2023-03-02,1.3302213557861622,0.9713457520815068,0.35887560370465543,7
2023-03-03,1.3254901400932348,1.0065752570424815,0.3189148830507533,6
2023-03-06,1.32736880232876,1.0483166317063564,0.2790521706224036,5
2023-03-07,1.3223419625921573,1.1230152168264529,0.19932674576570436,3
2023-03-08,1.3223419625921573,1.1230152168264529,0.19932674576570436,3
2023-03-09,1.3223419625921573,1.0833449579486882,0.23899700464346907,4
2023-03-10,1.3223419625921573,1.0833449579486882,0.23899700464346907,4
2023-03-13,1.3223419625921573,1.0833449579486882,0.23899700464346907,4
2023-03-14,1.3223419625921573,1.0833449579486882,0.23899700464346907,4
2023-03-15,1.3273514398052573,1.1282826521833682,0.19906878762188918,4
2023-03-16,1.3304475849276702,1.1711299277600875,0.15931765716758264,3
2023-03-17,1.3304475849276702,1.1312165002122574,0.19923108471541273,3
2023-03-20,1.3304475849276702,1.1312165002122574,0.19923108471541273,3
2023-03-21,1.3304475849276702,1.0913030726644273,0.23914451226324285,4
2023-03-22,1.3304475849276702,1.0913030726644273,0.23914451226324285,4
2023-03-23,1.3281595782537667,1.0888405375206756,0.23931904073309113,4
2023-03-24,1.3281595782537667,1.0888405375206756,0.23931904073309113,4
2023-03-27,1.3281595782537667,1.0888405375206756,0.23931904073309113,4
2023-03-28,1.3281595782537667,1.0888405375206756,0.23931904073309113,4
2023-03-29,1.3376733802329652,1.178088310241862,0.15958506999110333,3
2023-03-30,1.345824393954663,1.26606617905922,0.0797582148954431,2
2023-03-31,1.345824393954663,1.26606617905922,0.0797582148954431,2
2023-04-03,1.345824393954663,1.26606617905922,0.0797582148954431,2
2023-04-04,1.3451356864715969,1.3052908991239838,0.039844787347613,1
2023-04-05,1.3451356864715969,1.3052908991239838,0.039844787347613,1
2023-04-06,1.3478619262476577,1.3478619262476577,0.0,0
2023-04-10,1.3478619262476577,1.3478619262476577,0.0,0
2023-04-11,1.3478619262476577,1.3478619262476577,0.0,0
2023-04-12,1.3478619262476577,1.3478619262476577,0.0,0
2023-04-13,1.3478619262476577,1.3478619262476577,0.0,0
2023-04-14,1.3478619262476577,1.1861184950979387,0.16174343114971892,4
2023-04-17,1.3478619262476574,1.1052467795230791,0.24261514672457837,5
2023-04-18,1.3478619262476574,0.9435033483733601,0.4043585778742973,8
2023-04-19,1.3478619262476574,0.9435033483733601,0.4043585778742973,8
2023-04-20,1.3478619262476574,0.9435033483733601,0.4043585778742973,8
2023-04-21,1.3478619262476574,0.9435033483733601,0.4043585778742973,8
2023-04-24,1.3478619262476574,0.9435033483733601,0.4043585778742973,8
2023-04-25,1.3478619262476574,0.9435033483733601,0.4043585778742973,8
2023-04-26,1.3478619262476574,0.9435033483733601,0.4043585778742973,8
2023-04-27,1.3478619262476574,0.9435033483733601,0.4043585778742973,8
2023-04-28,1.3601769667222814,1.0355817507801275,0.32459521594215396,7
2023-05-01,1.3597130421398798,1.075198150508389,0.2845148916314909,6
2023-05-02,1.3745968589734452,1.0052000118582267,0.3693968471152184,8
2023-05-03,1.3745968589734452,0.9639621060890233,0.41063475288442175,9
2023-05-04,1.3745968589734452,0.9639621060890233,0.41063475288442175,9
2023-05-05,1.3745968589734452,0.9639621060890233,0.41063475288442175,9
2023-05-08,1.3745968589734452,0.9639621060890233,0.41063475288442175,9
2023-05-09,1.3745968589734452,0.9639621060890233,0.41063475288442175,9
2023-05-10,1.3745968589734452,0.9639621060890233,0.41063475288442175,9
2023-05-11,1.3745968589734452,0.9639621060890233,0.41063475288442175,9
2023-05-12,1.3762139670684381,1.128786532453218,0.24742743461522015,6
2023-05-15,1.3762139670684381,1.128786532453218,0.24742743461522015,6
2023-05-16,1.3736155930028586,1.2911692194435695,0.0824463735592891,2
2023-05-17,1.373040821844446,1.2082586800883601,0.1647821417560859,3
2023-05-18,1.3730408218444459,1.1670674554330267,0.20597336641141928,3
2023-05-19,1.3730408218444459,1.1258762307776933,0.24716459106675265,4
2023-05-22,1.3730408218444459,1.1258762307776933,0.24716459106675265,4
2023-05-23,1.3730408218444459,1.0434937814670264,0.3295470403774194,6
2023-05-24,1.3730408218444459,1.002302556811693,0.37073826503275276,7
2023-05-25,1.3730408218444459,1.002302556811693,0.37073826503275276,7
2023-05-26,1.3730408218444459,1.002302556811693,0.37073826503275276,7
2023-05-30,1.3730408218444459,1.002302556811693,0.37073826503275276,7
2023-05-31,1.3674424800133873,1.038080633025652,0.32936184698773524,7
2023-06-01,1.3649597211581066,1.1182227565016283,0.24673696465647832,6
2023-06-02,1.3649597211581064,1.077273964866885,0.2876857562912215,6
2023-06-05,1.3638637569147989,1.1173692252789107,0.24649453163588816,5
2023-06-06,1.3638637569147989,1.1173692252789107,0.24649453163588816,5
2023-06-07,1.3650648322227301,1.2009527498975088,0.1641120823252214,3
2023-06-08,1.3801454662726607,1.2572246086027727,0.12292085766988803,2
2023-06-09,1.3801454662726607,1.2572246086027727,0.12292085766988803,2
2023-06-12,1.3801454662726607,1.215820244614593,0.16432522165806784,3
2023-06-13,1.3801454662726607,1.215820244614593,0.16432522165806784,3
2023-06-14,1.379974587003037,1.256672639745371,0.12330194725766622,2
2023-06-15,1.4030529912853444,1.3195570375586043,0.08349595372674015,2
2023-06-16,1.4030529912853444,1.3195570375586043,0.08349595372674015,2
2023-06-20,1.4030529912853444,1.277465447820044,0.1255875434653005,3
2023-06-21,1.4030529912853444,1.277465447820044,0.1255875434653005,3
2023-06-22,1.4030529912853444,1.2353738580814837,0.16767913320386083,4
2023-06-23,1.4030529912853444,1.2353738580814837,0.16767913320386083,4
2023-06-26,1.4030529912853444,1.2353738580814837,0.16767913320386083,4
2023-06-27,1.4073912769083345,1.2811165076926536,0.12627476921568098,3
2023-06-28,1.4073912769083345,1.2811165076926536,0.12627476921568098,3
2023-06-29,1.4073912769083345,1.2388947693854035,0.16849650752293102,4
2023-06-30,1.4156093396071288,1.289204421822758,0.12640491778437069,3
2023-07-03,1.4156093396071288,1.289204421822758,0.12640491778437069,3
2023-07-05,1.4155166284930294,1.331203300447219,0.08431332804581036,2
2023-07-06,1.4155166284930294,1.331203300447219,0.08431332804581036,2
2023-07-07,1.4154086748532886,1.3731869365460385,0.04222173830725003,1
2023-07-10,1.4154086748532886,1.3731869365460385,0.04222173830725003,1
2023-07-11,1.4154086748532886,1.3731869365460385,0.04222173830725003,1
2023-07-12,1.4154086748532886,1.3731869365460385,0.04222173830725003,1
2023-07-13,1.4154086748532886,1.33072467630044,0.0846839985528487,2
2023-07-14,1.4157058610731463,1.2033588974987701,0.21234696357437624,5
2023-07-17,1.4157058610731466,1.1184165458343815,0.297289315238765,5
2023-07-18,1.4157058610731463,0.9910030183377981,0.4247028427353482,8
2023-07-19,1.4157058610731463,0.9910030183377981,0.4247028427353482,8
2023-07-20,1.4157058610731463,0.9910030183377981,0.4247028427353482,8
2023-07-21,1.4157058610731463,0.9910030183377981,0.4247028427353482,8
2023-07-24,1.4157058610731463,0.9910030183377981,0.4247028427353482,8
2023-07-25,1.4157058610731463,0.9910030183377981,0.4247028427353482,8
2023-07-26,1.4157058610731463,0.9910030183377981,0.4247028427353482,8
2023-07-27,1.4162325932016664,0.9915050329158669,0.42472756028579955,8
2023-07-28,1.4324743664788975,1.0477027062144297,0.3847716602644678,8
2023-07-31,1.4324743664788977,1.004728475220063,0.4277458912588347,8
2023-08-01,1.439634188657039,1.009734747915654,0.42989944074138503,8
2023-08-02,1.439634188657039,1.009734747915654,0.42989944074138503,8
2023-08-03,1.439634188657039,1.009734747915654,0.42989944074138503,8
2023-08-04,1.439634188657039,1.009734747915654,0.42989944074138503,8
2023-08-07,1.439634188657039,1.009734747915654,0.42989944074138503,8
2023-08-08,1.439634188657039,1.009734747915654,0.42989944074138503,8
2023-08-09,1.439634188657039,1.009734747915654,0.42989944074138503,8
2023-08-10,1.4378074056043673,1.0933691736533993,0.3444382319509681,7
2023-08-11,1.441328797721749,1.3117617207426155,0.1295670769791335,3
2023-08-14,1.441328797721749,1.3117617207426155,0.1295670769791335,3
2023-08-15,1.4459729200129876,1.4025937324125979,0.043379187600389627,1
2023-08-16,1.4459729200129874,1.3158353572118184,0.13013756280116887,3
2023-08-17,1.4459729200129874,1.2290769820110392,0.21689593800194812,3
2023-08-18,1.4459729200129872,1.1856977944106495,0.26027512560233773,4
2023-08-21,1.4459729200129872,1.1856977944106495,0.26027512560233773,4
2023-08-22,1.445972920012987,1.09893941920987,0.34703350080311696,6
2023-08-23,1.4459729200129872,1.0555602316094805,0.39041268840350657,7
2023-08-24,1.4459729200129872,1.012181044009091,0.4337918760038962,8
2023-08-25,1.4459729200129872,1.012181044009091,0.4337918760038962,8
2023-08-28,1.4459729200129872,1.012181044009091,0.4337918760038962,8
2023-08-29,1.445752018428883,1.0553393300253766,0.3904126884035065,7
2023-08-30,1.449160742399549,1.1887899821256145,0.2603707602739345,6
2023-08-31,1.449160742399549,1.1018403375816415,0.34732040481790744,7
2023-09-01,1.4486450251137641,1.1447038078962464,0.3039412172175178,6
2023-09-05,1.4486450251137641,1.1447038078962464,0.3039412172175178,6
2023-09-06,1.4470657888715508,1.2298829468548123,0.2171828420167386,4
2023-09-07,1.4472692997755137,1.2734656453591646,0.17380365441634898,3
2023-09-08,1.4517541125790354,1.321329645763076,0.1304244668159594,2
2023-09-11,1.4517541125790354,1.277777022385705,0.17397709019333046,3
2023-09-12,1.4517541125790354,1.277777022385705,0.17397709019333046,3
2023-09-13,1.4517541125790354,1.277777022385705,0.17397709019333046,3
2023-09-14,1.451160307342036,1.3205980524724175,0.1305622548696186,3
2023-09-15,1.4505758461207283,1.3634884135230962,0.08708743259763214,2
2023-09-18,1.4505758461207283,1.3634884135230962,0.08708743259763214,2
2023-09-19,1.4505758461207283,1.3634884135230962,0.08708743259763214,2
2023-09-20,1.4505758461207283,1.3199711381394743,0.130604707981254,3
2023-09-21,1.4505758461207283,1.2764538627558524,0.17412198336487583,3
2023-09-22,1.4505758461207283,1.2764538627558524,0.17412198336487583,3
2023-09-25,1.442886000958249,1.312316640970744,0.1305693599875048,2
2023-09-26,1.442886000958249,1.2690300609419967,0.17385594001625226,3
2023-09-27,1.442886000958249,1.2257434809132493,0.21714252004499973,3
2023-09-28,1.4400877664303158,1.1800747896197583,0.2600129768105576,4
2023-09-29,1.4400877664303162,1.0936695236339395,0.34641824279637656,4
2023-10-02,1.4400877664303162,1.0936695236339395,0.34641824279637656,4
2023-10-03,1.4400877664303162,1.0936695236339395,0.34641824279637656,4
2023-10-04,1.4391769329121316,1.1797932408829988,0.2593836920291328,3
2023-10-05,1.4391769329121316,1.1797932408829988,0.2593836920291328,3
2023-10-06,1.4391769329121316,1.1797932408829988,0.2593836920291328,3
2023-10-09,1.4391769329121316,1.1797932408829988,0.2593836920291328,3
2023-10-10,1.4407162787735683,1.2246842584387234,0.21603202033484498,3
2023-10-11,1.4407162787735683,1.2246842584387234,0.21603202033484498,3
2023-10-12,1.4373980874601813,1.3941765990969741,0.04322148836320706,1
2023-10-13,1.4373980874601813,1.2216888286017524,0.2157092588584288,5
2023-10-16,1.4373980874601813,1.1354449433541416,0.3019531441060397,6
2023-10-17,1.4373980874601813,1.0492010581065307,0.3881970293536505,8
2023-10-18,1.4373980874601813,1.0492010581065307,0.3881970293536505,8
2023-10-19,1.4373980874601813,1.0492010581065307,0.3881970293536505,8
2023-10-20,1.4373980874601813,1.0492010581065307,0.3881970293536505,8
2023-10-23,1.4373980874601813,1.0492010581065307,0.3881970293536505,8
2023-10-24,1.43493614976936,1.0469125242858357,0.3880236254835242,8
2023-10-25,1.43493614976936,1.0469125242858357,0.3880236254835242,8
2023-10-26,1.43493614976936,1.0469125242858357,0.3880236254835242,8
2023-10-27,1.4243371797037185,1.0810028057747754,0.3433343739289433,8
2023-10-30,1.423410329962934,1.0377932788600202,0.3856170511029139,7
2023-10-31,1.4222893820453906,1.037578853267364,0.3847105287780265,7
2023-11-01,1.4222893820453906,1.037578853267364,0.3847105287780265,7
2023-11-02,1.4222893820453906,1.037578853267364,0.3847105287780265,7
2023-11-03,1.4222893820453906,1.037578853267364,0.3847105287780265,7
2023-11-06,1.4222893820453906,1.037578853267364,0.3847105287780265,7
2023-11-07,1.4167876733266471,1.032621598841902,0.3841660744847451,7
2023-11-08,1.4167876733266471,1.032621598841902,0.3841660744847451,7
2023-11-09,1.4167876733266471,1.032621598841902,0.3841660744847451,7
2023-11-10,1.3994983282909472,1.2716573351684244,0.12784099312252284,3
2023-11-13,1.3994983282909472,1.2716573351684244,0.12784099312252284,3
2023-11-14,1.3935793706834008,1.3092683593630994,0.08431101132030144,2
2023-11-15,1.393579370683401,1.1838462160015935,0.20973315468180753,4
2023-11-16,1.393579370683401,1.1838462160015935,0.20973315468180753,4
2023-11-17,1.393579370683401,1.1838462160015935,0.20973315468180753,4
2023-11-20,1.393579370683401,1.1838462160015935,0.20973315468180753,4
2023-11-21,1.393109386175049,1.1005000169372865,0.29260936923776254,6
2023-11-22,1.393109386175049,1.058706735352035,0.334402650823014,7
2023-11-24,1.393109386175049,1.058706735352035,0.334402650823014,7
2023-11-27,1.393109386175049,1.058706735352035,0.334402650823014,7
2023-11-28,1.393109386175049,1.0169134537667834,0.3761959324082655,8
2023-11-29,1.3990218817402584,1.0224993986685815,0.3765224830716769,8
2023-11-30,1.4053684736527923,1.0702996986125357,0.33506877504025656,6
2023-12-01,1.4053684736527923,1.0702996986125357,0.33506877504025656,6
2023-12-04,1.4053684736527923,1.0702996986125357,0.33506877504025656,6
2023-12-05,1.4053684736527923,1.0702996986125357,0.33506877504025656,6
2023-12-06,1.4111614380452975,1.2014725077607953,0.2096889302845022,3
2023-12-07,1.4102536788032332,1.2000504197398854,0.2102032590633477,3
2023-12-08,1.4102536788032332,1.1577428093757884,0.2525108694274447,3
2023-12-11,1.4102536788032332,1.1154351990116915,0.2948184797915417,4
2023-12-12,1.4246123382905116,1.213557796536429,0.21105454175408248,3
2023-12-13,1.4425487493582063,1.2723494557851691,0.17019929357303715,3
2023-12-14,1.442548749358206,1.2290729933044229,0.21347575605378333,4
2023-12-15,1.442548749358206,1.1857965308236766,0.2567522185345295,4
2023-12-18,1.442548749358206,1.1857965308236766,0.2567522185345295,4
2023-12-19,1.442548749358206,1.0992436058621842,0.34330514349602187,6
2023-12-20,1.442548749358206,1.0992436058621842,0.34330514349602187,6
2023-12-21,1.4403125532956467,1.1384132539289493,0.3018992993666973,6
2023-12-22,1.4403125532956467,1.1384132539289493,0.3018992993666973,6
2023-12-26,1.429491647597779,1.1698999585951788,0.2595916890026003,5
2023-12-27,1.429491647597779,1.1698999585951788,0.2595916890026003,5
2023-12-28,1.4240289395226902,1.207713713000836,0.21631522652185411,4
2023-12-29,1.4364197329570998,1.306657431396738,0.12976230156036175,3
2024-01-02,1.4364197329570998,1.306657431396738,0.12976230156036175,3
2024-01-03,1.4364197329570998,1.306657431396738,0.12976230156036175,3
2024-01-04,1.4285949109181617,1.3853855343192922,0.0432093765988694,1
2024-01-05,1.4285949109181617,1.3853855343192922,0.0432093765988694,1
2024-01-08,1.423288181401566,1.423288181401566,0.0,0
2024-01-09,1.423288181401566,1.423288181401566,0.0,0
2024-01-10,1.423288181401566,1.423288181401566,0.0,0
2024-01-11,1.423288181401566,1.423288181401566,0.0,0
2024-01-12,1.4232881814015657,1.2097949541913309,0.2134932272102349,5
2024-01-16,1.4232881814015657,1.1243976633072368,0.29889051809432887,7
2024-01-17,1.4232881814015657,1.0390003724231427,0.38428780897842285,9
2024-01-18,1.4232881814015657,1.0390003724231427,0.38428780897842285,9
2024-01-19,1.4232881814015657,1.0390003724231427,0.38428780897842285,9
2024-01-22,1.4232881814015657,1.0390003724231427,0.38428780897842285,9
2024-01-23,1.4232881814015657,0.9963017269810958,0.42698645442046984,10
2024-01-24,1.4232881814015657,0.9963017269810958,0.42698645442046984,10
2024-01-25,1.4232881814015657,0.9963017269810958,0.42698645442046984,10
2024-01-26,1.4232881814015657,0.9963017269810958,0.42698645442046984,10
2024-01-29,1.4286738049517007,1.215180577741466,0.21349322721023484,5
2024-01-30,1.4252272045362249,0.9978335552574769,0.427393649278748,10
2024-01-31,1.4207373796911609,1.036118899905772,0.38461847978538893,9
2024-02-01,1.4207373796911609,1.036118899905772,0.38461847978538893,9
2024-02-02,1.4207373796911609,1.036118899905772,0.38461847978538893,9
2024-02-05,1.4207373796911609,1.036118899905772,0.38461847978538893,9
2024-02-06,1.4300764437780118,1.0023520228079892,0.42772442097002267,10
2024-02-07,1.4300764437780118,1.0023520228079892,0.42772442097002267,10
2024-02-08,1.4300764437780118,1.0023520228079892,0.42772442097002267,10
2024-02-09,1.4300764437780118,1.0023520228079892,0.42772442097002267,10
2024-02-12,1.4300764437780118,1.0023520228079892,0.42772442097002267,10
2024-02-13,1.4249408359969167,1.2110176778196862,0.21392315817723054,5
2024-02-14,1.4300530592189156,1.1729488388792848,0.25710422033963065,6
2024-02-15,1.4300530592189156,1.0442440635495827,0.385808995669333,8
2024-02-16,1.4300530592189156,1.0442440635495827,0.385808995669333,8
2024-02-20,1.4300530592189158,1.0013424717730153,0.4287105874459005,9
2024-02-21,1.4213052029565267,1.0357600460486112,0.38554515690791563,8
2024-02-22,1.4213052029565267,1.0357600460486112,0.38554515690791563,8
2024-02-23,1.4213052029565267,1.0357600460486112,0.38554515690791563,8
2024-02-26,1.4213052029565267,1.0357600460486112,0.38554515690791563,8
2024-02-27,1.4213052029565267,1.0357600460486112,0.38554515690791563,8
2024-02-28,1.423481799388836,1.0807286386590704,0.34275316072976564,7
2024-02-29,1.4115900879346372,1.1551939998965348,0.25639608803810243,5
2024-03-01,1.40758065183175,1.2369877473467825,0.17059290448496747,3
2024-03-04,1.40758065183175,1.2369877473467825,0.17059290448496747,3
2024-03-05,1.4067092072356986,1.2368166183102276,0.16989258892547096,3
2024-03-06,1.4235448455059998,1.2535850673040447,0.16995977820195513,2
2024-03-07,1.423544845506,1.168172376573685,0.2553724689323151,4
2024-03-08,1.423544845506,1.168172376573685,0.2553724689323151,4
2024-03-11,1.423544845506,1.125466031208505,0.29807881429749505,5
2024-03-12,1.423544845506,1.082759685843325,0.3407851596626751,5
2024-03-13,1.4312732142220732,1.1755402111791022,0.2557330030429709,4
2024-03-14,1.4312732142220732,1.0896638183257779,0.3416093958962953,6
2024-03-15,1.4312732142220732,1.0896638183257779,0.3416093958962953,6
2024-03-18,1.4312732142220732,1.0896638183257779,0.3416093958962953,6
2024-03-19,1.441153781929499,1.1844520076154548,0.25670177431404434,5
2024-03-20,1.441153781929499,1.1844520076154548,0.25670177431404434,5
2024-03-21,1.446163228321983,1.14471945418932,0.3014437741326629,6
2024-03-22,1.446163228321983,1.1013345573396605,0.3448286709823224,6
2024-03-25,1.4627210261783592,1.2033050459263968,0.25941598025196233,5
2024-03-26,1.4627210261783592,1.2033050459263968,0.25941598025196233,5
2024-03-27,1.4627210261783592,1.2033050459263968,0.25941598025196233,5
2024-03-28,1.456500751092737,1.282961163694099,0.17353958739863795,3
2024-04-01,1.456500751092737,1.282961163694099,0.17353958739863795,3
2024-04-02,1.456500751092737,1.282961163694099,0.17353958739863795,3
2024-04-03,1.456500751092737,1.282961163694099,0.17353958739863795,3
2024-04-04,1.456500751092737,1.282961163694099,0.17353958739863795,3
2024-04-05,1.456899660776001,1.456899660776001,0.0,0
2024-04-08,1.456899660776001,1.456899660776001,0.0,0
2024-04-09,1.456899660776001,1.456899660776001,0.0,0
2024-04-10,1.456899660776001,1.456899660776001,0.0,0
2024-04-11,1.456899660776001,1.456899660776001,0.0,0
2024-04-12,1.456899660776001,1.3257786913061609,0.1311209694698401,3
2024-04-15,1.456899660776001,1.2383647116596008,0.21853494911640015,5
2024-04-16,1.456899660776001,1.0198297625432007,0.4370698982328003,9
2024-04-17,1.456899660776001,1.0198297625432007,0.4370698982328003,9
2024-04-18,1.456899660776001,1.0198297625432007,0.4370698982328003,9
2024-04-19,1.456899660776001,1.0198297625432007,0.4370698982328003,9
2024-04-22,1.456899660776001,1.0198297625432007,0.4370698982328003,9
2024-04-23,1.456899660776001,1.0198297625432007,0.4370698982328003,9
2024-04-24,1.456899660776001,1.0198297625432007,0.4370698982328003,9
2024-04-25,1.456899660776001,1.0198297625432007,0.4370698982328003,9
2024-04-26,1.4520097422306864,1.058940228933885,0.3930695132968014,8
2024-04-29,1.4509576283982648,1.1454803557193556,0.30547727267890923,6
2024-04-30,1.4475972263565224,1.0563804122265592,0.39121681412996323,8
2024-05-01,1.4475972263565224,1.0563804122265592,0.39121681412996323,8
2024-05-02,1.4475972263565224,1.0563804122265592,0.39121681412996323,8
2024-05-03,1.4475972263565224,1.0563804122265592,0.39121681412996323,8
2024-05-06,1.4475972263565224,1.0563804122265592,0.39121681412996323,8
2024-05-07,1.4475972263565224,1.0563804122265592,0.39121681412996323,8
2024-05-08,1.4475972263565224,1.0563804122265592,0.39121681412996323,8
2024-05-09,1.4475972263565224,1.0563804122265592,0.39121681412996323,8
2024-05-10,1.4477666042577455,1.1871991035135714,0.26056750074417406,6
2024-05-13,1.4477666042577455,1.1871991035135714,0.26056750074417406,6
2024-05-14,1.454908572613508,1.4112613154351028,0.04364725717840524,1
2024-05-15,1.454908572613508,1.3239668010782923,0.13094177153521572,2
2024-05-16,1.454908572613508,1.2803195438998871,0.17458902871362095,3
2024-05-17,1.454908572613508,1.2803195438998871,0.17458902871362095,3
2024-05-20,1.454908572613508,1.2803195438998871,0.17458902871362095,3
2024-05-21,1.454908572613508,1.2366722867214819,0.21823628589202618,4
2024-05-22,1.454908572613508,1.1493777723646714,0.30553080024883666,6
2024-05-23,1.454908572613508,1.0184360008294557,0.43647257178405235,8
2024-05-24,1.454908572613508,1.0184360008294557,0.43647257178405235,8
2024-05-28,1.454908572613508,1.0184360008294557,0.43647257178405235,8
2024-05-29,1.4548335996212156,1.0620105342053372,0.39282306541587836,8
2024-05-30,1.4547417506439961,1.061923689887203,0.39281806075679304,8
2024-05-31,1.4533067408568008,1.104135937278413,0.3491708035783878,7
2024-06-03,1.4533067408568008,1.104135937278413,0.3491708035783878,7
2024-06-04,1.4533067408568008,1.104135937278413,0.3491708035783878,7
2024-06-05,1.4520182344004269,1.1464946880004445,0.30552354639998247,6
2024-06-06,1.471795812670593,1.2972140378058261,0.1745817748647668,4
2024-06-07,1.4667419942121718,1.3794547337042153,0.08728726050795635,2
2024-06-10,1.4667419942121718,1.3794547337042153,0.08728726050795635,2
2024-06-11,1.4667419942121716,1.3354524738778502,0.1312895203343215,3
2024-06-12,1.4489299139278815,1.2743496067465236,0.17458030718135792,3
2024-06-13,1.4504224379805841,1.232459037039711,0.21796340094087308,3
2024-06-14,1.4504224379805841,1.1889463639002935,0.2614760740802906,3
2024-06-17,1.4504224379805841,1.1889463639002935,0.2614760740802906,3
2024-06-18,1.4504224379805841,1.1889463639002935,0.2614760740802906,3
2024-06-20,1.4504224379805841,1.145433690760876,0.30498874721970815,4
2024-06-21,1.4504224379805841,1.145433690760876,0.30498874721970815,4
2024-06-24,1.4504224379805841,1.145433690760876,0.30498874721970815,4
2024-06-25,1.4504224379805841,1.1019210176214584,0.3485014203591257,5
2024-06-26,1.4679360091332283,1.1628666657443074,0.3050693433889209,4
2024-06-27,1.4895460764593742,1.2267709213339262,0.26277515512544813,4
2024-06-28,1.504344426319146,1.328594617472533,0.17574980884661312,3
2024-07-01,1.504344426319146,1.328594617472533,0.17574980884661312,3
2024-07-02,1.504344426319146,1.328594617472533,0.17574980884661312,3
2024-07-03,1.504344426319146,1.328594617472533,0.17574980884661312,3
2024-07-05,1.5070785078042364,1.3748413720970407,0.13223713570719559,2
2024-07-08,1.5070785078042364,1.3748413720970407,0.13223713570719559,2
2024-07-09,1.5070785078042364,1.3748413720970407,0.13223713570719559,2
2024-07-10,1.530540370002395,1.4858539877086137,0.04468638229378123,1
2024-07-11,1.5305403700023947,1.4399377766085417,0.09060259339385307,2
2024-07-12,1.5180861086058717,1.2899995644730953,0.22808654413277643,4
2024-07-15,1.5180861086058717,1.1078292314403906,0.4102568771654811,6
2024-07-16,1.5180861086058717,1.1078292314403906,0.4102568771654811,6
2024-07-17,1.5180861086058717,1.1078292314403906,0.4102568771654811,6
2024-07-18,1.5180861086058717,1.1078292314403906,0.4102568771654811,6
2024-07-19,1.5180861086058717,1.1078292314403906,0.4102568771654811,6
2024-07-22,1.5180861086058717,1.1078292314403906,0.4102568771654811,6
2024-07-23,1.5180861086058717,1.1078292314403906,0.4102568771654811,6
2024-07-24,1.5180861086058717,1.1078292314403906,0.4102568771654811,6
2024-07-25,1.5194120711794041,1.0638669019660247,0.4555451692133795,8
2024-07-26,1.5388555242128017,1.0801949426583828,0.45866058155441886,8
2024-07-29,1.5460195645614303,1.085682975649678,0.46033658891175244,7
2024-07-30,1.5460195645614303,1.085682975649678,0.46033658891175244,7
2024-07-31,1.5460195645614303,1.085682975649678,0.46033658891175244,7
2024-08-01,1.5460195645614303,1.085682975649678,0.46033658891175244,7
2024-08-02,1.5460195645614303,1.085682975649678,0.46033658891175244,7
2024-08-05,1.5460195645614303,1.085682975649678,0.46033658891175244,7
2024-08-06,1.5460195645614303,1.085682975649678,0.46033658891175244,7
2024-08-07,1.5460195645614303,1.085682975649678,0.46033658891175244,7
2024-08-08,1.5637654138325245,1.2386813179497351,0.32508409588278947,6
2024-08-09,1.5967985384005325,1.4086880704817222,0.1881104679188104,3
2024-08-12,1.5981722416148139,1.4564423606328465,0.14172988098196745,2
2024-08-13,1.598172241614814,1.4084971933844022,0.18967504823041187,3
2024-08-14,1.5981722416148143,1.3126068588875135,0.2855653827273007,4
2024-08-15,1.5981722416148143,1.2167165243906248,0.3814557172241896,5
2024-08-16,1.5981722416148145,1.1687713571421805,0.429400884472634,5
2024-08-19,1.5981722416148145,1.1687713571421805,0.429400884472634,5
2024-08-20,1.5981722416148147,1.1208261898937362,0.47734605172107847,6
2024-08-21,1.5981722416148147,1.1208261898937362,0.47734605172107847,6
2024-08-22,1.6085062357023534,1.2246348778921718,0.38387135781018156,5
2024-08-23,1.6085062357023534,1.2246348778921718,0.38387135781018156,5
2024-08-26,1.6085062357023534,1.2246348778921718,0.38387135781018156,5
2024-08-27,1.6047013117778528,1.31672028846456,0.2879810233132928,4
2024-08-28,1.6083215765831806,1.319731593171786,0.28858998341139475,5
2024-08-29,1.6102513203766236,1.4175516714621177,0.19269964891450586,4
2024-08-30,1.6102513203766236,1.4175516714621177,0.19269964891450586,4
2024-09-03,1.6102513203766236,1.4175516714621177,0.19269964891450586,4
2024-09-04,1.610920880101884,1.4661663984358224,0.14475448166606142,3
2024-09-05,1.6109208801018837,1.4178387720327659,0.19308210806911794,4
2024-09-06,1.613224492637551,1.4683975716395037,0.14482692099804734,3
2024-09-09,1.613224492637551,1.4200008368603771,0.19322365577717387,4
2024-09-10,1.613224492637551,1.3716041020812506,0.24162039055630039,4
2024-09-11,1.613224492637551,1.3716041020812506,0.24162039055630039,4
2024-09-12,1.614663175891983,1.4211021846539138,0.19356099123806905,3
2024-09-13,1.614663175891983,1.4211021846539138,0.19356099123806905,3
2024-09-16,1.614663175891983,1.4211021846539138,0.19356099123806905,3
2024-09-17,1.614663175891983,1.4211021846539138,0.19356099123806905,3
2024-09-18,1.614663175891983,1.4211021846539138,0.19356099123806905,3
2024-09-19,1.6016206140243154,1.4083386307685735,0.193281983255742,3
2024-09-20,1.6016206140243154,1.4083386307685735,0.193281983255742,3
2024-09-23,1.6190528643539845,1.5225643506564956,0.09648851369748895,2
2024-09-24,1.6190528643539845,1.5225643506564956,0.09648851369748895,2
2024-09-25,1.6190528643539845,1.5225643506564956,0.09648851369748895,2
2024-09-26,1.6121193936269835,1.4673436115886351,0.14477578203834846,3
2024-09-27,1.6121193936269835,1.4673436115886351,0.14477578203834846,3
2024-09-30,1.6121193936269835,1.4673436115886351,0.14477578203834846,3
2024-10-01,1.6121193936269835,1.4189800297798256,0.19313936384715796,4
2024-10-02,1.6121193936269835,1.4189800297798256,0.19313936384715796,4
2024-10-03,1.6068687408389835,1.461777995412555,0.1450907454264285,3
2024-10-04,1.6068687408389835,1.461777995412555,0.1450907454264285,3
2024-10-07,1.6068687408389835,1.461777995412555,0.1450907454264285,3
2024-10-08,1.6068687408389835,1.4135719331873855,0.193296807651598,4
2024-10-09,1.6068687408389835,1.365365870962216,0.2415028698767675,4
2024-10-10,1.6059980221951464,1.4612223159359978,0.1447757062591485,2
2024-10-11,1.6059980221951466,1.316682493938435,0.2893155282567117,5
2024-10-14,1.6059980221951466,1.2685025532725807,0.3374954689225661,5
2024-10-15,1.6095986488324325,1.127314923858784,0.4822837249736485,8
2024-10-16,1.6095986488324325,1.127314923858784,0.4822837249736485,8
2024-10-17,1.6095986488324325,1.127314923858784,0.4822837249736485,8
2024-10-18,1.6095986488324325,1.127314923858784,0.4822837249736485,8
2024-10-21,1.6095986488324325,1.127314923858784,0.4822837249736485,8
2024-10-22,1.6080654435891397,1.1257099164504818,0.4823555271386579,9
2024-10-23,1.6080654435891397,1.1257099164504818,0.4823555271386579,9
2024-10-24,1.6080654435891397,1.1257099164504818,0.4823555271386579,9
2024-10-25,1.6167759855224455,1.2786369414815317,0.33813904404091366,7
2024-10-28,1.6167759855224453,1.2301336619158583,0.386642323606587,8
2024-10-29,1.6226398152768338,1.1370741627803087,0.485565652496525,10
2024-10-30,1.6226398152768338,1.1370741627803087,0.485565652496525,10
2024-10-31,1.6226398152768338,1.1370741627803087,0.485565652496525,10
2024-11-01,1.6226398152768338,1.1370741627803087,0.485565652496525,10
2024-11-04,1.6226398152768338,1.1370741627803087,0.485565652496525,10
2024-11-05,1.6358108690015345,1.1976548170503118,0.43815605195122276,9
2024-11-06,1.6358108690015345,1.1485804909802657,0.4872303780212688,9
2024-11-07,1.6358108690015345,1.1485804909802657,0.4872303780212688,9
2024-11-08,1.6342702956244581,1.1955431971688626,0.43872709845559543,8
2024-11-11,1.6360867409167068,1.2458629220267847,0.3902238188899221,7
2024-11-12,1.6310056428010544,1.4839268213769308,0.1470788214241237,2
2024-11-13,1.6310056428010546,1.3860664828088676,0.244939159992187,3
2024-11-14,1.6310056428010546,1.337136313524836,0.2938693292762186,4
2024-11-15,1.6310056428010546,1.2882061442408044,0.34279949856025027,4
2024-11-18,1.6310056428010546,1.2882061442408044,0.34279949856025027,4
2024-11-19,1.6336705791012813,1.2909994979350463,0.34267108116623507,5
2024-11-20,1.6336705791012816,1.1439691458159311,0.4897014332853504,7
2024-11-21,1.6336705791012816,1.1439691458159311,0.4897014332853504,7
2024-11-22,1.6336705791012816,1.1439691458159311,0.4897014332853504,7
2024-11-25,1.6336705791012816,1.1439691458159311,0.4897014332853504,7
2024-11-26,1.6328681891805599,1.2410270944632726,0.3918410947172871,6
2024-11-27,1.6337276022400227,1.2908166768067673,0.3429109254332555,5
2024-11-29,1.6452698752058124,1.4002192883406201,0.2450505868651922,4
2024-12-02,1.6452698752058124,1.4002192883406201,0.2450505868651922,4
2024-12-03,1.6452698752058124,1.3508611920844458,0.2944086831213666,5
2024-12-04,1.6401014725005723,1.4435200973233038,0.19658137517726842,3
2024-12-05,1.6333298493883222,1.5347687089571307,0.09856114043119153,1
2024-12-06,1.6333298493883222,1.5347687089571307,0.09856114043119153,1
2024-12-09,1.6333298493883222,1.485768813475481,0.1475610359128412,2
2024-12-10,1.6333298493883222,1.485768813475481,0.1475610359128412,2
2024-12-11,1.6333298493883222,1.4367689179938312,0.19656093139449085,3
2024-12-12,1.633329849388322,1.3387691270305317,0.2945607223577902,5
2024-12-13,1.6333298493883217,1.289769231548882,0.3435606178394398,5
2024-12-16,1.6333298493883217,1.289769231548882,0.3435606178394398,5
2024-12-17,1.6513233875275983,1.40632391011935,0.2449994774082483,4
2024-12-18,1.6513233875275983,1.40632391011935,0.2449994774082483,4
2024-12-19,1.6513233875275986,1.2577048052418665,0.3936185822857321,7
2024-12-20,1.6513233875275986,1.2577048052418665,0.3936185822857321,7
2024-12-23,1.6443439647568212,1.2997252779527388,0.3446186868040825,6
2024-12-24,1.6443439647568212,1.2997252779527388,0.3446186868040825,6
2024-12-26,1.6331542544873607,1.3375354631649279,0.29561879132243285,5
2024-12-27,1.6811346216825829,1.532515516805099,0.14861910487748387,3
2024-12-30,1.6811346216825829,1.532515516805099,0.14861910487748387,3
2024-12-31,1.6811346216825829,1.532515516805099,0.14861910487748387,3
2025-01-02,1.6811346216825829,1.532515516805099,0.14861910487748387,3
2025-01-03,1.6811346216825829,1.532515516805099,0.14861910487748387,3
2025-01-06,1.6777562102173127,1.6777562102173127,0.0,0
2025-01-07,1.6777562102173127,1.6777562102173127,0.0,0
2025-01-08,1.6777562102173127,1.6777562102173127,0.0,0
2025-01-10,1.6777562102173127,1.6777562102173127,0.0,0
2025-01-13,1.6777562102173127,1.6777562102173127,0.0,0
2025-01-14,1.6777562102173127,1.6777562102173127,0.0,0
2025-01-15,1.6777562102173125,1.5267581512977544,0.15099805891955814,3
2025-01-16,1.6777562102173122,1.2750947197651572,0.40266149045215505,7
2025-01-17,1.677756210217312,1.2247620334586378,0.45299417675867437,7
2025-01-21,1.677756210217312,1.1744293471521183,0.5033268630651937,8
2025-01-22,1.677756210217312,1.1744293471521183,0.5033268630651937,8
2025-01-23,1.677756210217312,1.1744293471521183,0.5033268630651937,8
2025-01-24,1.677756210217312,1.1744293471521183,0.5033268630651937,8
2025-01-27,1.677756210217312,1.1744293471521183,0.5033268630651937,8
2025-01-28,1.677756210217312,1.1744293471521183,0.5033268630651937,8
2025-01-29,1.677756210217312,1.1744293471521183,0.5033268630651937,8
2025-01-30,1.7030539763890917,1.1966913813832845,0.5063625950058073,9
2025-01-31,1.7164197885672459,1.2042576568089487,0.5121621317582973,9
2025-02-03,1.7164197885672459,1.2042576568089487,0.5121621317582973,9
2025-02-04,1.7232025803155104,1.2096770574542672,0.5135255228612432,9
2025-02-05,1.7232025803155104,1.2096770574542672,0.5135255228612432,9
2025-02-06,1.7232025803155104,1.2096770574542672,0.5135255228612432,9
2025-02-07,1.7232025803155104,1.2096770574542672,0.5135255228612432,9
2025-02-10,1.7232025803155104,1.2096770574542672,0.5135255228612432,9
2025-02-11,1.7232025803155104,1.2096770574542672,0.5135255228612432,9
2025-02-12,1.7232025803155104,1.2096770574542672,0.5135255228612432,9
2025-02-13,1.7289965188503142,1.3675902756817606,0.36140624316855363,7
2025-02-14,1.7364752469700293,1.4768508636113433,0.2596243833586859,4
2025-02-18,1.7364752469700293,1.3726623487931418,0.36381289817688767,5
2025-02-19,1.74043600726746,1.376106106282014,0.3643299009854461,4
2025-02-20,1.7404360072674598,1.2716799458459662,0.4687560614214937,6
2025-02-21,1.7404360072674598,1.2716799458459662,0.4687560614214937,6
2025-02-24,1.7404360072674598,1.2194668656279424,0.5209691416395175,7
2025-02-25,1.7404360072674598,1.2194668656279424,0.5209691416395175,7
2025-02-26,1.7404360072674598,1.2194668656279424,0.5209691416395175,7
2025-02-27,1.7404360072674598,1.2194668656279424,0.5209691416395175,7
2025-02-28,1.7379205887624376,1.3727854956630399,0.3651350930993978,5
2025-03-03,1.734357145243897,1.4734105669627011,0.26094657828119605,4
2025-03-04,1.728372791294558,1.5198823669016497,0.20849042439290813,4
2025-03-05,1.728372791294558,1.5198823669016497,0.20849042439290813,4
2025-03-06,1.731639894332853,1.5236772367160214,0.20796265761683175,4
2025-03-07,1.731639894332853,1.4717280398860357,0.2599118544468173,4
2025-03-10,1.7338149839917647,1.4741017602432183,0.25971322374854644,4
2025-03-11,1.7338149839917647,1.4741017602432183,0.25971322374854644,4
2025-03-12,1.7338149839917647,1.4220873107234653,0.31172767326829937,5
2025-03-13,1.7338149839917647,1.4220873107234653,0.31172767326829937,5
2025-03-14,1.7338149839917647,1.4220873107234653,0.31172767326829937,5
2025-03-17,1.7338149839917647,1.4220873107234653,0.31172767326829937,5
2025-03-18,1.7243716482316072,1.4644951587021446,0.25987648952946263,4
2025-03-19,1.7243716482316072,1.4644951587021446,0.25987648952946263,4
2025-03-20,1.6968865990183415,1.4401379060671848,0.2567486929511566,5
2025-03-21,1.6968865990183413,1.3892313080966345,0.30765529092170685,5
2025-03-24,1.6881513763460378,1.4325105349440839,0.2556408414019539,4
2025-03-25,1.6881513763460378,1.4325105349440839,0.2556408414019539,4
2025-03-26,1.6733013308789457,1.4696749389967447,0.203626391882201,3
2025-03-27,1.6733013308789457,1.4696749389967447,0.203626391882201,3
2025-03-28,1.6733013308789457,1.4696749389967447,0.203626391882201,3
2025-03-31,1.6733013308789457,1.4696749389967447,0.203626391882201,3
2025-04-01,1.6733013308789457,1.4696749389967447,0.203626391882201,3
2025-04-02,1.6733013308789457,1.4696749389967447,0.203626391882201,3
2025-04-03,1.6393858433200064,1.6393858433200064,0.0,0
2025-04-04,1.6393858433200064,1.6393858433200064,0.0,0
2025-04-07,1.6393858433200064,1.6393858433200064,0.0,0
2025-04-08,1.6393858433200064,1.6393858433200064,0.0,0
2025-04-09,1.6393858433200064,1.6393858433200064,0.0,0
2025-04-10,1.6393858433200064,1.6393858433200064,0.0,0
2025-04-11,1.6393858433200068,1.442659542121606,0.1967263011984008,4
2025-04-14,1.639385843320007,1.3442963915224058,0.2950894517976012,5
2025-04-15,1.6393858433200068,1.196751665623605,0.44263417769640184,8
2025-04-16,1.639385843320007,1.147570090324005,0.49181575299600205,9
2025-04-17,1.639385843320007,1.147570090324005,0.49181575299600205,9
2025-04-21,1.639385843320007,1.147570090324005,0.49181575299600205,9
2025-04-22,1.639385843320007,1.147570090324005,0.49181575299600205,9
2025-04-23,1.639385843320007,1.147570090324005,0.49181575299600205,9
2025-04-24,1.639385843320007,1.147570090324005,0.49181575299600205,9
2025-04-25,1.639385843320007,1.147570090324005,0.49181575299600205,9
2025-04-28,1.6283527203795263,1.382444843881525,0.24590787649800105,5
2025-04-29,1.628877929607472,1.1878199389679505,0.44105799063952156,9
2025-04-30,1.6220631621627337,1.1825642128273668,0.43949894933536704,7
2025-05-01,1.6171383883389034,1.1783068626529696,0.4388315256859339,7
2025-05-02,1.6171383883389034,1.1783068626529696,0.4388315256859339,7
2025-05-05,1.6171383883389034,1.1783068626529696,0.4388315256859339,7
2025-05-06,1.6171383883389034,1.1783068626529696,0.4388315256859339,7
2025-05-07,1.6171383883389034,1.1783068626529696,0.4388315256859339,7
2025-05-08,1.6171383883389034,1.1783068626529696,0.4388315256859339,7
2025-05-09,1.6171383883389034,1.1783068626529696,0.4388315256859339,7
2025-05-12,1.6171383883389034,1.1783068626529696,0.4388315256859339,7
2025-05-13,1.6236543765857325,1.5264783300706835,0.0971760465150491,2
2025-05-14,1.6176109246324928,1.520568445243351,0.09704247938914187,2
2025-05-15,1.6163910244114212,1.470879235207761,0.14551178920366006,2
2025-05-16,1.616391024411421,1.4223875044754184,0.19400351993600268,2
2025-05-19,1.616391024411421,1.4223875044754184,0.19400351993600268,2
2025-05-20,1.616391024411421,1.3738957737430757,0.24249525066834532,3
2025-05-21,1.6163910244114208,1.2284205815460476,0.38797044286537324,6
2025-05-22,1.6163910244114208,1.179928850813705,0.4364621735977159,6
2025-05-23,1.6163910244114208,1.179928850813705,0.4364621735977159,6
2025-05-27,1.6163910244114208,1.179928850813705,0.4364621735977159,6
2025-05-28,1.6163910244114208,1.179928850813705,0.4364621735977159,6
2025-05-29,1.630464097872851,1.2421080598102672,0.38835603806258395,6
2025-05-30,1.6378869790555783,1.2973777930860122,0.34050918596956603,5
2025-06-02,1.6378869790555783,1.2973777930860122,0.34050918596956603,5
2025-06-03,1.6378869790555783,1.2973777930860122,0.34050918596956603,5
2025-06-04,1.6399407007701883,1.3479232455329648,0.2920174552372234,4
2025-06-05,1.642036226181223,1.4947246070879334,0.14731161909328955,2
2025-06-06,1.642036226181223,1.4947246070879334,0.14731161909328955,2
2025-06-09,1.642036226181223,1.4947246070879334,0.14731161909328955,2
2025-06-10,1.642036226181223,1.4947246070879334,0.14731161909328955,2
2025-06-11,1.6420362261812231,1.4454635203024968,0.19657270587872622,3
2025-06-12,1.6475904962337693,1.4502128928888698,0.1973776033448995,3
2025-06-13,1.6475904962337693,1.4502128928888698,0.1973776033448995,3
2025-06-16,1.6475904962337693,1.4502128928888698,0.1973776033448995,3
2025-06-17,1.6475904962337693,1.4502128928888698,0.1973776033448995,3
2025-06-18,1.6475904962337693,1.4502128928888698,0.1973776033448995,3
2025-06-20,1.648045445195958,1.4504875652806164,0.19755787991534157,3
2025-06-23,1.6480454451959579,1.4010462019247376,0.2469992432712203,3
2025-06-24,1.6480454451959579,1.3516048385688588,0.29644060662709903,4
2025-06-25,1.6480454451959579,1.3516048385688588,0.29644060662709903,4
2025-06-26,1.677319240289605,1.4292478581262678,0.24807138216333743,4
2025-06-27,1.672224566105898,1.4234141618463967,0.2488104042595013,3
2025-06-30,1.672224566105898,1.4234141618463967,0.2488104042595013,3
2025-07-01,1.672224566105898,1.4234141618463967,0.2488104042595013,3
2025-07-02,1.672224566105898,1.4234141618463967,0.2488104042595013,3
2025-07-03,1.672224566105898,1.4234141618463967,0.2488104042595013,3
2025-07-07,1.6610712410861326,1.5111435635383887,0.14992767754774383,2
2025-07-08,1.6610712410861326,1.5111435635383887,0.14992767754774383,2
2025-07-09,1.6602500052217877,1.5597636910299226,0.1004863141918651,1
2025-07-10,1.6602500052217877,1.5597636910299226,0.1004863141918651,1
2025-07-11,1.6653854546778801,1.6653854546778801,0.0,0
2025-07-14,1.6653854546778801,1.6653854546778801,0.0,0
2025-07-15,1.6653854546778801,1.6653854546778801,0.0,0
2025-07-16,1.6653854546778801,1.6653854546778801,0.0,0
2025-07-17,1.6653854546778801,1.6653854546778801,0.0,0
2025-07-18,1.6653854546778801,1.6653854546778801,0.0,0
2025-07-21,1.6653854546778801,1.6653854546778801,0.0,0
2025-07-22,1.6653854546778801,1.6653854546778801,0.0,0
2025-07-23,1.6653854546778801,1.6653854546778801,0.0,0
2025-07-24,1.6653854546778801,1.6653854546778801,0.0,0
2025-07-25,1.6653854546778801,1.6653854546778801,0.0,0
2025-07-28,1.6653854546778801,1.6653854546778801,0.0,0
2025-07-29,1.6653854546778801,1.6653854546778801,0.0,0
2025-07-30,1.6653854546778801,1.6653854546778801,0.0,0
